index	trigger	syllables	flag	preview
1	terminal-particle	37		༄༅༅། །རྒྱ་གར་སྐད་དུ། པྲ་དཱེ་པོ་དྱོ་ཏ་ན་བི་ས་མ་པཉྩི་ཀཱ་ནཱ་མ། བོད་སྐད་དུ། སྒྲོན་མ་
2	terminal-particle	19		དེ་ལ་རིམ་པ་གཉིས་པོ་ཞེས་བྱ་བ་ནི་བསྐྱེད་པ་དང་རྫོགས་པའི་རིམ་པ་གཉིས་པའོ། །
3	terminal-particle	23		ཇི་སྲིད་ཅེས་བྱ་བ་ནི་ཌྷད་དྷ་ཡ་ར་ལ་རྣམས་ལན་གཉིས་སུ་བཀླགས་པ༌[^1]དང་བཅས་པའི་ཀ་ཚོགས་ར
4	terminal-particle	15		ཨི་ཐ་ཞེས་བྱ་བ་དེའི་དོན་ནི་ཨ་ཚོགས་རྣམས་སུ་ཤེས་པར་བྱའོ། །
5	terminal-particle	19		དེ་ཉིད་ནི་ལུས་ལ་སོགས་པ་འཛིན་པ་ཤེས་རབ་དང་ཐབས་ཀྱི་རང་བཞིན་གྱིས་གཟུང་བའོ། །
6	terminal-particle	23		འདུལ་བའི་སྡོམ་པར་ལྡན་མཐོང་བ། །ཞེས་བྱ་བ་ནི་དགེ་སློང་ལ་སོགས་པའི་སྡོམ་པ་ཅན་དུ་གདུལ་
7	terminal-particle	22		འབྲས་བུ་འདོད་པས་ཞེས་བྱ་བ་ནི་སྐྱེ་བོ་གདུལ་བ་ཅན་གྱི༌[^2]དགོས་པ་ལ་བྱ་སྟེ། ཀུན་རྫོབ་
8	terminal-particle	45		སྙིང་པོ་སྦས་པ་འདི་ལ་ཡོད་ཅེས་བྱ་བ་ནི་འདོད་ཆགས་ལ་སོགས་པའི་རང་བཞིན་ཇི་ལྟ་བ་བཞིན་དུ་
9	terminal-particle	13		མ་ཞེས་བྱ་བ་ནི་ཆོས་རྣམས་རབ་ཏུ་མང་པོ་ཐོབ་པའོ། །
10	terminal-particle	10		ལྷག་པར་ཞེས་བྱ་བ་ནི་ལྷག་པར་གཟུང་བའོ། །
11	terminal-particle	41		བུམ་པའི་རས་བལ་ས་བོན་འདྲ། །ཞེས་བྱ་བ་ནི་བུམ་པ་ཆུང་ངུ་རས་བལ་གྱི་ས་བོན་གྱིས་གང་བར་བྱ
12	terminal-particle	18		བློ་ཁ་མི་འབྱེ་ལ་ཞེས་བྱ་བ་ནི་ཤེས་རབ༌[^3]བརྟན་པ་ལ་སོགས་པས་སྙིང་སྟོང་པའོ། །
13	terminal-particle	11		ཉན་ཞེས་བྱ་བ་ནི་ཐོས་པ་དྲི་མ་མེད་པའོ། །
14	terminal-particle	34		རྒྱུད་གཅིག་པ་ནི་ཟུང་དུ་འཇུག་པས་ཆོས་ཀྱི་དེ་ཁོ་ན་ཉིད་བཤད་པར་བྱ་སྟེ་ལས་དང་པོ་པ་ལ་བཤ
15	terminal-particle	21		བཤད་པ་རྣམ་པ་གཉིས་བྱའོ་ཞེས་བྱ་བ་ནི་ཚོགས་པ་ལ་བཤད་པ་དང་། སློབ་མ་ལ་བཤད་པའོ། །
16	terminal-particle	20		དེ་རྣམས་ཀྱིས་ཞེས་བྱ་བ༌[^4]ནི་རྒྱན་དྲུག་པོ་རྣམས་ཀྱིས་བདེན་པ་གཉིས་པོ་ནི་ཚིག༌[^5]ངེ
17	line-end	14		དེ་ནི་རྒྱན་བདུན་པ་སྟེ། དེས་ཟུང་དུ་འཇུག་པ་མཐར་ཐུག་པ་སྒྲུབ༌[^6]པའོ། །
18	terminal-particle	15		འདི་སྐད་བདག་གི༌[^7]ཞེས་བྱ་བ་ལ་སོགས་པས་ནི། གླེང་གཞི་སྟོན་པ་ཡིན་ནོ། །
19	terminal-particle	11		རིམ་པ་ཞེས་བྱ་བ་ནི་འདིར་རིམ་པ་ལྔ་པའོ། །
20	terminal-particle	56		བཤད་ཚུལ་རྣམ་པ་བཞི་པོ་ནི་ཚིག་གི་དོན་དང་། སྤྱིའི་དོན་དང་། སྦས་པ་དང་། མཐར་ཐུག་པ་སྟེ
21	line-end	24		དེ་ལ་རབ་ཏུ་མ་ཆགས་པར་གྱུར་པ་དང་མི་དགེ་བ་བཅུ་པོ་བཅོམ་པ་ཡང་དག་པའི་སྐྱེ་བ་ལེན་ནོ། །
22	verse-stanza	26		ཆ་གཉིས་པ་ནི་ཡི་གེ་ཨཱཿརིང་པོའོ། །↵དགུ་པས་བརྗོད་པ་ནི་ཡི་གེ་ཨོ་ཡིན་ནོ། །↵དང་ནི་བསྡུ
23	terminal-particle	12		སུམ་ཅུ་པ་དང་བཅུ་པ་ནི་ཡི་གེ་ཧ་ཡིན་ནོ། །
24	terminal-particle	10		ལྔ་པའི་ས་བོན་ནི་ཡི་གེ་ཨུ་ཡིན་ནོ། །
25	terminal-particle	18		ཆ་གཉིས་པ་ལ་ལྔ་པ་དྲུག་པའི་ས་བོན་དུ་བྱས་པས་ཕྱེ་ན་དེར་འགྱུར་རོ། །
26	terminal-particle	16		ཁོང་པར་སྤྲོས་ཞེས་བྱ་བ་ནི་ཆོས་ཀྱི་འབྱུང་གནས་སུ་རྣམ་པར་སྤྲོས་པའོ། །
27	terminal-particle	14		ཨེ་ནི་ཤེས་རབ་ཅེས་བྱ་བ་ནི་བློ་དང་སྣང་བའི་ཤེས་པའོ། །
28	terminal-particle	10		སྣང་བ་མཆེད་པ་རང་ཉིད་ནི་རིག་ཆེན་ནོ། །
29	terminal-particle	14		རྩ་བ་ནི་སྣང་བ་ཉེ་བར་ཐོབ་པའི་རྒྱུ་སྟེ། ཐོག་མའི་དུས་སོ། །
30	line-end	27		དེ་དག་ཀྱང༌[^8]སླར་བཟློག་པས་ཇི་ལྟ་བ་བཞིན་དུ་སྣང་བའི་འབྲས་བུ་གཉིས་པོར་སྦྱར་བས་རྣམ་
31	verse-stanza	22		རྟག་ཏུ་འགྲོ་ལ་གནས་པར་འགྱུར། །↵ཞེས་བྱ་བ་ནི་སྲོག་རྟག་ཏུ་གནས་པའོ། །↵གཟུགས་དང་ཆུ་དང་
32	terminal-particle	18		ཚོར་བའི་ཕུང་པོ་དང་ལྡན་པ་ནི་རླུང་ངོ་། །རོལ་པས་ཞེས་བྱ་བ་ནི་འཇོམས་པའོ། །
33	terminal-particle	12		རྣམ་པར་རོལ་ཞེས་བྱ་བ་ནི་རྣམ་པར་སྤྲུལ་བར་བྱའོ། །
34	line-end	11		རྣམ་པར་འཕྲུལ་ཞེས་བྱ་བ་ནི་སྤྲུལ་བར་བྱེད་པའོ། །
35	verse-stanza	12		རྡོ་རྗེ་གསུམ་པོ་དམ་ཚིག་མཆོག།↵ཅེས་བྱ་བ་ནི་བྷ་གའོ། །
36	terminal-particle	22		ཡེ་ཤེས་དེ་བཞིན་གཤེགས་པ་ཀུན། །ཞེས་བྱ་བ་ནས། འགྲོ་སྙིང་རྣམ་དག་ཅེས་བྱ་བ་ནི་བྷ་གའི་ཁྱ
37	terminal-particle	28		ནམ་མཁའི་སྐབས་འདི་ཉིད་ཅེས་བྱ་བ་ནི་ཆོས་ཀྱི་འབྱུང་གནས་ཏེ། རང་བཞིན་རྣམས༌[^9]རང་བཞིན་
38	terminal-particle	35		སེམས་ཅན་ཐམས་ཅད་དཔལ་རྡོ་རྗེ་སེམས་དཔའ་བཞུགས་པས་བཅུག་ནས་རྡོ་རྗེ་སེམས་དཔའ་ཉིད་ཐོབ་པའ
39	terminal-particle	17		དཔལ་རྡོ་རྗེ་སེམས་དཔའ་བཞུགས༌[^10]ཞེས་བྱ་བ་ནི་དབང་བསྐུར་བའི་ཡེ་ཤེས་བྱིན་པས་སོ། །
40	terminal-particle	24		བཅུག་པས་ཞེས་བྱ་བ་ནི་གཉིས་སུ་མེད་པའི་སེམས་སུ་འཇུག་པས་བདེ་བ་དང་ཡིད་བདེ་བ་ཐོབ་པར་གྱ
41	terminal-particle	7		ཐབས་ཀྱི་ཡེ་ཤེས་ཤར་བས་སོ། །
42	terminal-particle	16		ཞེས་བྱ་བ་ནི་སྣང་བའི་ཡེ་ཤེས་ཤར་བས་སོ་ཞེས་བྱ་བའི་དོན་ཏོ། །
43	terminal-particle	29		སེམས་དཔའ་གསུམ་གྱི་མཐར་ཐུག་པ་ཞེས་བྱ་བ་ནི་དམ་ཚིག་སེམས་དཔའ་དང་། ཡེ་ཤེས་སེམས་དཔའ་དང་
44	terminal-particle	23		ཉོན་མོངས་པ་ལྔ་ཞེས་བྱ་བ་ནི་འདོད་ཆགས་དང་། ཞེ་སྡང་དང་། གཏི་མུག་དང་། ང་རྒྱལ་དང་། ཕྲག
45	terminal-particle	12		རྡོ་རྗེ་ལྟ་བུའི་ཏིང་ངེ་འཛིན་ནི་ཟུང་དུ་འཇུག་པའོ། །
46	terminal-particle	8		ཁམས་ཕྲ་བ་ནི་རླུང་གི་ཁམས་སོ། །
47	terminal-particle	17		དེས་ཐབས་ཀྱི་ཡེ་ཤེས་གཞོམ་དུ་མེད་པའི་ཐིག་ལེ་དྲངས་པའི་གླེང་གཞི་དང་པོའོ། །
48	terminal-particle	18		བཙུན་མོ་དང་འཁོར་གྱི་ནང་ནས་ངེས་པར་བྱུང་བར་གྱུར་པ་ནི་གླེང་གཞི་གཉིས་པའོ། །
49	terminal-particle	9		རབ་ཏུ་བྱུང་བ་ནི་གླེང་གཞི་གསུམ་པའོ། །
50	terminal-particle	17		རྡོ་རྗེའི་གདན་ལ་རྡོ་རྗེ་ལྟ་བུའི་ཏིང་ངེ་འཛིན༌[^11]གྱིས་ཞུགས་པ༌[^12]ནི་གླེང་གཞི་བཞ
51	line-end	8		དེ་ནི་གླེང་གཞིའི་དབྱེ་བ་རྣམས་སོ། །
52	terminal-particle	22		རྡོ་རྗེ་ལ་སོགས་བཟུང་བ་ནི། །ཞེས་བྱ་བའི་ཆོས་ཀྱི་འཁོར་ལོ་རབ་ཏུ་བསྐོར་བ་ལ་བྱ་བ་ཡིན་ན
53	terminal-particle	81		བྷ་ག་ལ་བཞུགས་སོ་ཞེས་བྱ་བ་ལ་སོགས་པས་ནི་དང་པོར་ཕྱི་རོལ་གྱི་དཀྱིལ་འཁོར་གྱི་གཟུགས་ལ་
54	terminal-particle	12		དེ་ནས་ནི༌[^13]ནུར་ནུར་པོ། །དེ་ནས་མེར་མེར་པོ་ལ་སོགས་པའོ། །
55	terminal-particle	24		དེ་ནས་ཟླ་བ་བཅུ་ལ་སོགས་པའི་རིམ་པས་མིག་ལ་སོགས་པའི་དབང་པོ་ཐམས་ཅད་ཡོངས་སུ་རྫོགས་པར་འ
56	terminal-particle	34		དེ་ནས་སྐྱེ༌[^14]གནས་ཀྱི་སྒོ་ཁྱད་པར་ཅན་ནས། ཕྱི་རོལ་དུ་གཤེགས་ཏེ་ཡུལ་དང་ཡུལ་ཅན་གྱི་
57	line-end	26		འདི་ལྟ་སྟེ་ཞེས་བྱ་བ་ལ་སོགས་པ་གསུངས་པའི་དོན་ནི་བཙུན་མོ་དང་ལྡན་པར་བཞུགས་པ་ནི་དམ་ཚི
58	verse-stanza	29		སྔགས་ཀྱི་ཡི་གེ་ནི་ཆོས་ཀྱི་ཕྱག་རྒྱའོ། །↵མཚན་ཐམས་ཅད་དང་ལྡན་པ་ནི་ཕྱག་རྒྱ་ཆེན་པོའོ། 
59	terminal-particle	72		ཆོས་སྟོན་པའི༌[^15]དུས་ན་ཕྱག་རྒྱ་དེ་དག་དང་ལྡན་པ་པོ་ཕྱག་གཉིས་པ་ལ་སོགས་པའི་རིམ་པས་ས
60	line-end	27		ལྷ་དེ་རྣམས་སོ་སོའི་གདན་དང་ལྡན་པའི་གནས་གཞལ་ཡས་ཁང་བརྩེགས་པ་བསྟན་པའི་ཕྱིར། དེ་ནས་ཞེ
61	terminal-particle	95		དེ་ནས་དཀྱིལ་འཁོར་པ་རྣམས་ཉིད༌[^19]ཀྱི་སྙིང་ག་ལ་སོགས་པའི་ཕུང་པོ་ལ་སོགས་པའི་ངོ་བོར་
62	terminal-particle	32		དེ་ནས་ནམ་མཁའི་དབྱིངས་ནི་ཐམས་ཅད་ཅེས་བྱ་བ་ལ་སོགས་པས་ནི་རིགས་ལྔ་དང་ལྡན་པའི་ཤེས་རབ་ཀ
63	terminal-particle	34		སེམས་ཅན་ཐམས་ཅད་ཅེས་བྱ་བ་ནི་སངས་རྒྱས་དང་བྱང་ཆུབ་སེམས་དཔའ་རྣམས་ཏེ། རྡོ་རྗེ་འཛིན་པའ
64	terminal-particle	35		དེ་ནས་ཞེས་བྱ་བ་ལ་སོགས་པས་ནི་ཕྱུང་ནས་རྗེས་སུ་ཞུགས་པས་ཞལ་གསུམ་པའི་རྣམ་པ་ལྟ་བུ་ལ་སོ
65	terminal-particle	30		དེ་ནས་སེམས་ཅན་རྣམས་ཀྱི་སྐལ་བ་ཇི་ལྟ་བ་བཞིན་དུ་མཁྱེན་ནས་སྟོན་པའི་རིམ་པ་ཇི་ལྟ་བུར་བ
66	terminal-particle	53		དེ་ནས་ཞེས་བྱ་བ་ལ་སོགས་པས་ནི་བླ་མ་ལ་སློབ་མ་རྣམས་ཀྱིས་གསོལ་བ་བཏབ་ནས་བླངས་ནས་འབྲས་བ
67	line-end	15		སྒྲོན་མ་གསལ་བར་བྱེད་པའི་ལེའུ་དང་པོའི་དཀའ་བ་བཏུས་ཏེ་བཤད་པའོ།། །།
68	terminal-particle	50		རྒྱུ་དང་འབྲས་བུའི་ཉེ་བར་གདགས་པ་ཞེས་བྱ་བའི་སྐུ་དང་གསུང་དང་ཐུགས་རྣམས་ཀྱི་རང་གི་ངོ་
69	terminal-particle	19		སྲོག༌[^25]ལས་ཞེས་བྱ་བ་ནི་རླུང་ལས་ཞོན་པའི་རྣམ་པར་ཤེས་པ་རྨི་ལམ་ལྟ་བུར་སྣང་བའོ། །
70	terminal-particle	30		ཁམས་གསུམ་གྱི་རྣམ་པར་གནས་པ་ནི། ཁམས་གསུམ་པ་དེ་ཉིད་རླུང་རྨི་ལམ་ལྟ་བུར་གནས་པ་སྟེ། གན
71	terminal-particle	18		མཆོག་ཅེས་བྱ་བ་ནི་དམ་པ་སྟེ་སྲིད་པ་བར་མ་དོའི་མཚན་ཉིད་དང་འདྲ་བའོ། །
72	terminal-particle	15		གཅིག་ཏུ་ཞེས་པ་ནི་རླུང་དང་རྣམ་པར་ཤེས་པ་གཅིག་ཏུ་འདུས་པའོ། །
73	terminal-particle	8		མྱུར་དུ་ཞེས་པ་ནི་སེམས་ཙམ་དུའོ། །
74	terminal-particle	5		མཐོང་བ་ནི༌[^27]དེར་མཐོང་བའོ། །
75	terminal-particle	9		བདག་ཉིད་ཅེས་པ་ནི་རྣལ་འབྱོར་པར་བལྟའོ། །
76	line-end	60		དེ་དག་ཉིད་ནི་རང་བྱིན་གྱིས་བརླབ༌[^28]པའི་གནས་ཏེ། གཟུགས་ལ་སོགས་པ་ནས་ཡིད་ཀྱི་མཐར་ཐུ
77	line-end	3		དེ་ཡང་།
78	verse-stanza	11		བསྒོམ་པར་བྱ་བ་བསྒོམ་པ༌[^32]མེད། །↵ཅེས་བྱ་བ་ལ་སོགས་པའོ། །
79	terminal-particle	26		དེ་གང་ཡོད་པར་བསྒོམ་ཞེས་བྱ་བའི་རྣམ་པ༌[^33]དེ་ལྟ་བུ་ཉིད་ཀྱིས་ཡོད་དང་མེད་པར་བསྒོམ་པ
80	line-end	26		སྟེང་འོག་ཅེས་པ་ལ་སོགས་པ་ལས་ནི་ཉན་ཐོས་བྱེ་བྲག་ཏུ་སྨྲ་བའི་བསྒོམ་པ་འགེགས་པ་སྟེ། དེ་
81	verse-stanza	13		ནམ་མཁའ་གཉིས་པོ་འགེགས་པ༌[^34]དང་། །↵དུས་གསུམ་རྟག་པ་འདུས་མ་བྱས། །
82	terminal-particle	4		ཞེས་པའི་ཚུལ་ལོ། །
83	terminal-particle	22		གང་ཡང་རྒྱུ་དང་འབྲས་བུ་ཞེས་པ༌[^35]ལ་སོགས་པས་ནི་མདོ་སྡེ་པའི་སྤྱིའི་དོན་བསྒོམ་པ་འགེ
84	terminal-particle	28		ཕུང་པོ་ལ་སོགས་པ་ཞེས་བྱ་བ་ལ་སོགས་པས་ནི་རྣམ་པར་ཤེས་པ་ཙམ་དུ་སྨྲ་བའི་གཞུང་གི་བསྒོམ་ལ
85	terminal-particle	29		ཀུན་རྫོབ་ཀྱི་བདེན་པ་བཟློག་པར་བྱ་བའི་ཕྱིར་ཞེས་བྱ་བ་ལ་སོགས་པས་ནི་ཀུན་རྫོབ་ཏུ་སྣང་བ
86	terminal-particle	35		བདེན་པ་གཉིས་ལྟ་བུར་ཞེས་པ་ལ་སོགས་པས་ནི་དོན་དམ་པའི་བདེན་པ་དང་། ཀུན་རྫོབ་ཀྱི་བདེན་པ
87	terminal-particle	28		མཐར་ཐུག་པའི་དོན་གྱིས༌[^36]ནི་བསྒོམ་པ༌[^37]མ་ནོར་བ་ཡིན་པར་བསྟན་ཏེ། རང་བཞིན་དགའ་བ་
88	line-end	15		སྒྲོན་མ་གསལ་བར་བྱེད་པའི་ལེའུ་གཉིས་པའི་དཀའ་བ་བཏུས་ཏེ་བཤད་པའོ།། །།
89	terminal-particle	18		གནས་ཇི་ལྟ་བ་བཞིན་དུ་ཞེས་པ་ནི་དབུས་དང་ཤར་ལ་སོགས་པའི་གནས་རྣམས་སོ། །
90	terminal-particle	39		སྐུ་གསུང་ཐུགས་ཀྱིས༌[^39]མཚན་པ་ཞེས་པ་ནི་སྐུ་རྡོ་རྗེ་རྣམ་པར་སྣང་མཛད་ཀྱིས༌[^40]དཀྱི
91	line-end	20		རྡོ་རྗེ་གསུམ་པོ་རྣམ༌[^41]པ༌[^42]རེ་རེ་ལ་ཡང་ནང་ཕན་ཚུན་དུ་ལྡན་པར་གསལ་བར་བསྟན་པའི་ཕ
92	verse-stanza	13		རྣམ་པར་སྣང་མཛད་ཐུགས་རྗེ་ཆེ། །↵སྐུ་གསུང་ཐུགས་ཀྱི་མཚན་མ་འམ། །
93	line-end	23		ཞེས་གསུངས་པ་ལ། ཨོཾ་ཤཱུ་ནྱ་ཏཱ་ཛྙཱ་ན་ཞེས་བྱ་བ་ལ་སོགས་པ་ནི་རིགས་དྲུག་དང་། རིགས་གསུམ
94	verse-stanza	14		མཐར་རིགས་གཅིག་ཏུ་ཐུག་པར་བསྟན་ཏོ། །↵བཞི་བཞི་ཡི་ནི་སྦྱོར་བ་ཡིས། །
95	terminal-particle	22		ཞེས་པ་ལ་སོགས་པ་ནི་དཀྱིལ་འཁོར་རེ་རེ་ཞིང་ཡང་དཀྱིལ་འཁོར་བཞི་བཞིའི་རང་བཞིན་ཡིན་པ་ལ་བ
96	terminal-particle	15		གོས་དཀར་ལ་སོགས་པའི་རང་བཞིན་དེ་ནི་ལྷ་སྟེ་རྣམ་པར་ཤེས་པའོ། །
97	line-end	18		སྒྲོན་མ་གསལ་བར་བྱེད་པ་ཞེས་བྱ་བའི་ལེའུ་གསུམ་པའི་དཀའ་བ་བཏུས་པའི་བཤད་པའོ།། །།
98	terminal-particle	23		ཆོ་ག་ཞེས་པ་ལ་སོགས་པ་ནི་གཏོར་མ་དང་སྦྱིན་སྲེག་ལ་སོགས་པའི་ཆོ་ག་ཉི་ཤུ་པོ་རྣམས་སོ། །
99	terminal-particle	43		འདི་ནི་དགུག་པའི་བདག་ཉིད་མཆོག །ཅེས་བྱ་བ་ནི་ཕུང་པོ་ལྔ་དང་འབྱུང་བ་བཞིའི་བདག་ཉིད་དེ།
100	terminal-particle	33		རྣམ་པ་ལྔའི་ཞེས་བྱ་བ་ལ་སོགས་པ་ནི་ཡེ་ཤེས་ལྔ་རྣམས་ཀྱི་རང་བཞིན་གྱིས་མི་བསྐྱོད་པ་ལ་སོ
101	terminal-particle	24		དབྱིབས་ཀྱི་མཆོད་པ་ཞེས་པ་དང་། རྣམ་པ་གསུམ་ཞེས་པ་ནི་འཇུག་པ་དང་ལྡང་བ་དང་། གནས་པའི་རི
102	terminal-particle	28		སྐད་ཅིག་ཅེས་བྱ་བ་ལ་སོགས་པ་ནི་སྣང་བ་རྣམས་ཀྱི་རང་བཞིན་གྱི་སྐད་ཅིག་གི་དུས་ལས་སྟོང་པ
103	terminal-particle	36		ཞི་བའི་ཆོས་ནི་ཤིན་ཏུ་ཕྲ་བའི་ཁམས་སེམས་ཅན་གྱི་ཡོངས་སུ་ཤེས་པར་བྱས་པ༌[^45]རྣམ་པར་ཤེས
104	quote-open	6		མདངས་བཟངས༌[^46]འོད་ནི་ཡིན་པར་གསུངས། །
105	terminal-particle	11		ཞེས་པ་ནི་དེ་དག་ཉིད་ལ་བྱ་བར་གསུངས་སོ། །
106	terminal-particle	13		རྟེན་འབྲེལ་ཞེས་པ་ནི་རྟེན་ཅིང་འབྲེལ་པར་འབྱུང་བ་རྣམས་སོ། །
107	terminal-particle	5		དྲི་ནི་ལུས་ལ་བྱའོ། །
108	line-end	15		སྒྲོན་མ་གསལ་བར་བྱེད་པའི་ལེའུ་བཞི་པའི་དཀའ་བ་བཏུས་པའི་བཤད་པའོ།། །།
109	terminal-particle	17		དེ་ཞི་གནས་ལས་བྱུང་ཞེས་བྱ་བ་ཟུང་དུ་འཇུག་པར་གྱུར་པ་ལས་བྱུང་བའོ། །
110	terminal-particle	21		མ་དང་སྲིང་མོ་བུ་མོ་ཞེས་བྱ་བ་ནི་མ་དང་སྲིང་མོ་ལྟར་རྗེས་སུ་ཕན་པར་འདོད་མའོ། །
111	terminal-particle	16		སྙིང་ལ་གནས་པའི་ལྷ་མོ་ཆེ། །ཞེས་བྱ་བ་ནི་ནང་གི་ཕྱག་རྒྱ་ཆེན་པོའོ། །
112	terminal-particle	14		[^47]མཉེས་པར་བྱས་ཀྱང་ཞེས་བྱ་བ་ནི་ཕྱི་རོལ་གྱི་ཕྱག་རྒྱ་ལའོ། །
113	terminal-particle	60		གནས་པའི་ཞེས་བྱ་བ་ནི་གང་འགོག་པའི་ཏིང་ངེ་འཛིན་ལ་གནས་པའི་བྱང་ཆུབ་སེམས་དཔའ་རྣམས་འགོག
114	line-end	15		སྒྲོན་མ་གསལ་བར་བྱེད་པའི་ལེའུ་ལྔ་པའི་དཀའ་བ་བཏུས་པའི་བཤད་པའོ།། །།
115	terminal-particle	14		སྔགས་བསྟན་པས་ཞེས་བྱ་བ་ནི་མདོ་ཙམ་དུ་བསྟན་པར་བྱས་པའོ། །
116	terminal-particle	52		ཡང་དེ་གསལ་བར་བྱེད་པ༌[^49]གསུངས་པ། རྡོ་རྗེ་གསུམ་པོ་ཞེས་བྱ་བ་ལ་སོགས་པ་སྟེ། རྡོ་རྗེ
117	terminal-particle	8		དེ་དག་ཉིད་ཀྱང་དེ་བཞིན་གཤེགས་པའོ། །
118	terminal-particle	15		ཨོཾ་ཞེས་བྱ་བ་ལ་སོགས་པ་ལ་དང་པོར་ནི་སྐུ་གཅིག་ཡིན་ནོ། །
119	terminal-particle	19		ཡོན་ཏན་གསུམ་ནི་དེ་བཞིན་གཤེགས་པ་གསུམ་སྟེ་ཐུགས་རྡོ་རྗེ་དང་མི་གཉིས་པར་ལྡན་པའོ། །
120	terminal-particle	17		དེ་ལྟར་གསུངས་པའང་རིགས་དྲུག་གི་བདག་ཉིད་ཅན་གྱི་སྟེ། དེ་ལྟར་སྦྱར་བར་བཤད་དོ། །
121	terminal-particle	12		[^51]དུས་སུ་བཤད་ཅེས་བྱ་བ་ནི་རྡོ་རྗེ་འཆང་ཆེན་པོའོ། །
122	quote-open	6		བདག་པོའི་ཆོས་ཅན༌[^52]གཅིག་པུ་ལས། །
123	terminal-particle	21		ཞེས་བྱ་བ་ནི་ཡིད་དང་ལྷན་ཅིག་ཏུ་སྐྱེས་པའི་སྤྱོད་ཡུལ་དུ་གྱུར་པའི་དཀྱིལ་འཁོར་བར་གྱུར
124	terminal-particle	21		གཉི་གའི་འཁོར་ལོ་རྗེས་སུ་མཉེས་པ་ཞེས་བྱ་བ་ནི་ཕྱི་ནང་གི་བདག་ཉིད་ཅན་གྱི་འཁོར་ལོའོ། །
125	line-end	32		བཤད་མ་ཐག་པའི་ཆོ་ག་ཞེས་བྱ་བ་ནི་ལུས་ལ་སོགས་པའི་བྱིན་གྱིས་བརླབ་པའི་ཆོ་ག་སྟེ། དེ་ཉིད
126	verse-stanza	17		གཉིས་པ་རྫོགས་པའི་རིམ་པ་ལ་གནས་པའོ། །↵རྡོ་རྗེ་བཞི་པོ་ནི་རྣལ་འབྱོར་བཞི་པའོ། །
127	terminal-particle	19		ཕྲ་མོའི་སྦྱོར་བ་ཀུན་དུ་བརྩམས། །ཞེས་བྱ་བ་ལ་སོགས་པ་ལ་སྦྱོར་བ་ནི་འོད་གསལ་བའོ། །
128	terminal-particle	49		འོད་གསལ་བ་དེའི་དེ་མ་ཐག་པར་ནི་པདྨ་དང་ཟླ་བ་དང་ཡི་གེ་གསུམ་ལ་སོགས་པའི་རིམ་པས་ལོངས་སྤ
129	terminal-particle	25		ཡུམ་ནི་ཤེས་རབ་མ་སྟེ་དེའི་པདྨའི་ནང་གི་སྣ་རྩེར་ཐིག་ལེ་རྡོ་རྗེར་ནས་འབྲུ་ཙམ་ལ་སོགས་པ
130	terminal-particle	43		འགྲོ་ཉལ་ཟ་བ་ཙམ་གྱི་སྤྱོད་པ་ཞེས་བྱ་བ་ནི་ཟས་ཟ་བ་ཙམ་དང་། ཉལ་བ་ཙམ་དང་། བཤད་དུ་འགྲོ་བ
131	terminal-particle	27		ཡང་དག་སྔགས་ཀྱི༌[^54]གསང་བ་ཞེས་པ་ནི་གསུངས་མ་ཐག་པའི་སྔགས་ཀྱི་དེ་ཁོ་ན་ཉིད་དོ།[^55] 
132	terminal-particle	20		སྐད་ཅིག་ཅེས་བྱ་བ་ལ་སོགས་པའི་སྒྲས་ནི་རང་བཞིན་གྱིས་འོད་གསལ་བ་འབའ་ཞིག་སྟོན་ནོ། །
133	terminal-particle	10		སྔགས་པ་ཞེས་བྱ་བ་ནི་རྡོ་རྗེ་སེམས་དཔའོ། །
134	line-end	15		སྒྲོན་མ་གསལ་བར་བྱེད་པའི་ལེའུ་དྲུག་པའི་དཀའ་བ་བཏུས་པའི་བཤད་པའོ།། །།
135	terminal-particle	33		ཡན་ལག་དྲུག་ཅེས་བྱ་བ་ནི་ཇི་སྐད་དུ་བཤད་པའི་བསྐྱེད་པའི་རིམ་པ་དང་། རྫོགས་པའི་རིམ་པ་ད
136	terminal-particle	7		འདོད་པ་ནི་འཛིན་པའི་རྣམ་པའོ། །
137	terminal-particle	55		མིག་ལ་སོགས་པ་ཞེས་བྱ་བ་ནི་ཇི་ལྟ་བུའི་མིག་ལ་སོགས་པའི་རྣམ་པར་ཤེས་པ་རྣམས་ཀྱིས་ཡུལ་རྣ
138	terminal-particle	18		དེ་བཞིན་དུ་རྣལ་འབྱོར་པས་ཀྱང་ཡོངས་སུ་མི་སྤང་བ་ཉིད་དུ་ལོངས་སྤྱད་པར་བྱའོ། །
139	terminal-particle	9		ཡིད་དུ་འོང་བ་ནི་མཆོག་ཏུ་གྱུར་པའོ། །
140	terminal-particle	12		ཡིད་དུ་མི་འོང་བ་ནི་རྣམ་པར་དམན་པ་དག་གོ། །
141	terminal-particle	11		ལུང་དུ་མ་བསྟན་པ་ནི་གཉི་ག་མ་ཡིན་པའོ། །
142	terminal-particle	20		ཁྲོ་བོ་ནི་ཐབས་ཀྱི་ཡེ་ཤེས་སོ་ཞེས༌[^56]བྱ་བ་ནི་ཁམས་ཕྲ་མོ་དང་འདྲེས་པའི་ཡེ་ཤེས་སོ། །
143	terminal-particle	12		རླུང་ལ་དགའ་བ་ཞེས་བྱ་བ་ནི་ཡི་གེ་ཧཱུཾ་གིའོ། །
144	terminal-particle	74		རྐན་གྱི་པདྨ་དེ་དག་ཀྱང་ལྡན་པར་བྱའོ་ཞེས་བྱ་བ་ནི་ཡ་རྐན་གྱི་ལྕེའུ་ཆུང་དང་ངོ་། །ཆོས་ད
145	terminal-particle	17		རང་བཞིན་བརྒྱད་ཅུ་དང་ལྡན་པ་རྣམས་ཞེས་པ་ནི་སྤྱི་མ་ལུས་པ་རྣམས་སོ། །
146	terminal-particle	12		མཐོང་བའི་ཆོས་ལ་ཞེས་བྱ་བ་ནི་ཆོས་རྟོགས་པ་ནའོ། །
147	line-end	15		སྒྲོན་མ་གསལ་བར་བྱེད་པའི་ལེའུ་བདུན་པའི་དཀའ་བ་བཏུས་པའི་བཤད་པའོ།། །།
148	terminal-particle	25		ལྷ་ཉི་ཤུ་རྩ་ལྔ་པོ་ཞེས་བྱ་བ་ནི་རང་བཞིན་གྱིས་རྣམ་པར་དག་པའི་ལྷ་ཉི་ཤུ་རྩ་ལྔ་པོ་རྣམས་
149	terminal-particle	17		བདག་པོ་ལས་གཞན་པ་ཞེས་བྱ་བ་ནི་རིགས་གཞན་དུ་སྐྱེས་པ་ཡང་བརྟག་པའོ། །
150	line-end	15		སྒྲོན་མ་གསལ་བར་བྱེད་པའི་ལེའུ་བརྒྱད་པའི་དཀའ་བ་བཏུས་པའི་བཤད་པའོ།། །།
151	line-end	10		ནམ་མཁའ་བཞི་ནི་སྟོང་པ་བཞིའི་བདག་ཉིད་དོ། །
152	verse-stanza	13		ཡང་ན་འབྱུང་བ་བཞི་དང་།↵ཕྱག་རྒྱ་བཞིའི་བདག་ཉིད་ཀྱིས་སོ། །
153	terminal-particle	40		གཞན་དུ་ན་ཞེས་བྱ་བ་ལ་སོགས་པ་ནི་སེམས་ཅན་རྣམས་གདུལ་བའི་དོན་དུ་བྱ་བ་ལས་གཞན་དུ་རང་དགར
154	terminal-particle	21		དེ་ནས་སྐད་ཅིག་དེ་ཉིད་ལ་ཞེས་པ་ནི་སྔར་ཕྱེ་བ་དེས་སྣང་བ་གསལ་བར་གྱུར་པ་ནའོ། །
155	terminal-particle	14		དུས་ཀྱི་ཚད་ནི་དུས་དེ་དག་ཏུ་བསམ་པ་ཤིན་ཏུ་བསྐྱེད་པའོ། །
156	line-end	85		སྤྱན་ལ་སོགས་པ་ཞེས་པ་ནི་བཞི་པོ་ལས་གང་འདོད་པ་ཅིག༌[^61]བཀུག་ལ་རང་གི་རིགས་ཀྱིས་བོན་ག
157	terminal-particle	10		སྔགས་ཀྱི་མིང་ནི་ཡི་གེ་གསུམ་ལ་སོགས་པའོ། །
158	terminal-particle	14		སྔགས་ཀྱི་དོན་ནི་ཡི་གེ་གསུམ་པོ་རྣམས་ཀྱིས་སྔགས་ཀྱི༌[^64]དོན་བརྗོད་པའོ། །
159	terminal-particle	29		སྔགས་སྤེལ་བ་ནི་ཞི་བ་ལ་སོགས་པའི་དོན་དང་སྔགས་སྤེལ་བ༌[^65]སྟེ། །སྭཱ་ཧཱ་ལ་སོགས་པ་དང་
160	terminal-particle	11		རྡོ་རྗེ་ཚིག་སྒྲ་སྤངས་པ་ནི་རྡོ་རྗེ་བཟླས་པའོ། །
161	terminal-particle	8		གོ་རིམས༌[^66]ནི་རིམ་པ་ལྔ་པོ་རྣམས་སོ། །
162	terminal-particle	18		སྐུ་དང་གསུང་དང་ཐུགས་ཀྱི་ནུས་པ་ནི་ཤེས་རབ་དང་ཡེ་ཤེས་ཀྱི་རང་བཞིན་ནོ། །
163	terminal-particle	36		[^67]བདག་པོ་ལ་སོགས་པ་སེམས་དཔའ་གསུམ་ཞེས་བྱ་བ་ནི་དམ་ཚིག་སེམས་དཔའ་དང་ཡེ་ཤེས་སེམས་དཔ
164	terminal-particle	16		གནོད་མཛེས་རྒྱལ་པོ་ཞེས་པ་ནི་གནོད་མཛེས་ཀྱི༌[^68]རྒྱལ་པོས་ཀྱང་བཀུག་སྟེ་བསྐུལ་བའོ། །
165	terminal-particle	15		འདི་ནི་བདག་གིའོ་ཞེས་པ་ལ་འདི་ནི་ཞེས་པ་ནི་རྣལ་འབྱོར་པའོ། །
166	terminal-particle	10		བདག་ཅག་གི་ཞེས་བྱ་བ༌[^69]ནི་སེམས་ཅན་རྣམས་ཀྱིའོ། །
167	terminal-particle	34		ཕའོ་ཞེས་བྱ་བ་ནི་རྣལ་འབྱོར་པ་བདག་སྟེ། བདག་ཉིད་ཚོགས་དང་བཅས་པ་ལ་སེམས་ཅན་གྱི་ཚོགས་རྣ
168	terminal-particle	22		གང་ཡིན་ཞེ་ན་ཞེས་པ་ལ་སོགས་པ་ནི་ལྷའི་སྐུ་གཉིས་པོ་མཆོག་དང་དམ་པ་ཡིན་པར་སྟོན་ཏོ། །
169	line-end	18		སྒྲོན་མ་གསལ་བར་བྱེད་པ་ཞེས་བྱ་བའི་ལེའུ་བཅུ་པའི་དཀའ་བ་བཏུས་པའི་བཤད་པའོ།། །།
170	terminal-particle	28		ལེའུ་དང་པོ་ལས་ཞེས་བྱ་བ་ནི་བྱང་ཆུབ་ཀྱི་སེམས་རྡོ་རྗེ་དེ་བཞིན་གཤེགས་པ་ལ་སོགས་པ་ལས་ར
171	terminal-particle	19		དེ་ནས་འདི་གསུངས་མ་ཐག་ཏུ་ཞེས་པ་ལ་སོགས་པ་ནི་བསྐྱེད་པའི་རིམ་པ་སྟོན་ཏོ། །
172	terminal-particle	48		མཚན་མ་གསུམ་ཞེས་བྱ་བ་ནི་ཉི་མ་དང་ཟླ་བ་དང་པདྨ་རྣམས་གཅིག་ཏུ་གྱུར་པས་སྙིང་གར་ཡེ་ཤེས་ས
173	terminal-particle	18		དེ་ལྟར་འོད་དཔག་ཏུ་མེད་པ་ལ་སོགས་པ་རྣམས་ཀྱི་སྦྱོར་བ་ཡང་བསྒོམ་པར་བྱའོ། །
174	terminal-particle	48		དྲན་པ་གཅིག་པའི་ཏིང་ངེ་འཛིན། །ཞེས་བྱ་བ་ནི་རྣམ་པར་སྣང་མཛད་ལ་སོགས་པའི་རྣལ་འབྱོར་པས་
175	terminal-particle	27		དེ་ནས་ཨོཾ་ཤཱུ་ནྱ་ཏཱ་ལ་སོགས་པའི་སྔགས་ཀྱི་རིམ་གྱིས་རྣམ་པར་སྣང་མཛད་ལ་སོགས་པ་འཁོར་ལོ
176	terminal-particle	28		དེ་བཞིན་དུ་བྱང་ཆུབ་སེམས་དཔའ་རྣམས་ཀྱི་རིམ་པ༌[^71]སྒྲུབ་ཐབས་ཀྱི༌[^72]ཡང་རྗེས་སུ་ཆག
177	terminal-particle	34		དེ་བཞིན་དུ་ཐམས་ཅད་བསྐྱེད་ལ་ཞེས་བྱ་བ་ནི་ཧཱུཾ་ལས་སྐྱེས་པའི་ཉི་མ་དང་། །ཨ་ལས་སྐྱེས་པ
178	terminal-particle	37		གཟུགས་ཀྱི་ཕུང་པོ་ལ་སོགས་པ་རྣམས་དང་ཞེས་བྱ་བ་ནི་གཟུགས་ཀྱི་ཕུང་པོ་ལ་སོགས་པ་ལ་བྱང་ཆུ
179	terminal-particle	42		དང་པོར་མིག་གི་སྦུབས་ཞེས་བྱ་བ་ནི་མིག་གི་རྡོག་མ་ལ་སོགས་པ་སྟོང་པར་བྱས་ནས་འོད་གསལ་བར
180	terminal-particle	16		རྡོ་རྗེ་ཨུཏྤལ་ཞེས་བྱ་བ་ནི་གསང་བའི་རྡོ་རྗེ་ཉིད་ཨུཏྤལའི་སྒྲར་བརྗོད་དོ། །
181	terminal-particle	37		དེ་བཞིན་གཤེགས་པའི་བཀོད༌[^74]པས་ཀྱང་བསྐྱེད་པར་བྱའོ་ཞེས་བྱ་བ་ནི། རྣམ་པར་སྣང་མཛད་ཀྱ
182	terminal-particle	34		དེ་བཞིན་དུ་འོག་ནས་བཤད་པའི་མི་བསྐྱོད་པ་ལ་སོགས་པ་རྣམས་ཀྱི་རྣལ་འབྱོར་པས་ཀྱང་རྣ་བ་ལ་
183	terminal-particle	20		སྐུ་གསུམ་པོ་ཨོཾ་ཞེས་བྱ་བ་ནི་གཟུགས་དམན་པ་དང་འབྲིང་དང་མཆོག་རྣམས་བསྒྲུབ་པར་བཟུང་བའོ
184	line-end	16		སྒྲོན་མ་གསལ་བར་བྱེད་པའི་ལེའུ་བཅུ་གཅིག་པའི་དཀའ་བ་བཏུས་པའི་བཤད་པའོ།། །།
185	terminal-particle	26		དེ་ལྟར་ལམ་ཞེས་བྱ་བ་ནི་དབང་པོ་ལ་སོགས་པའི་རབ་ཏུ་འཇུག་པ་རྣམས་ཇི་ལྟ་བ་བཞིན་དུ་རྣམ་པར
186	terminal-particle	32		རིམ་པ་གཉིས་ཀྱི་ཞེས་བྱ་བ་ནི་བྱང་ཆུབ་ཀྱི་སེམས་རྡོ་རྗེའི་ཀུན་རྫོབ་དང་དོན་དམ་པ་སྟེ། 
187	terminal-particle	22		ཕྱག་རྒྱ་ཆེན་པོ་ཡོངས་སུ་གྱུར་པ་ནི༌[^75]དེའི་འབྲས་བུ་སྟེ། །འཇིག་རྟེན་དང་འཇིག་རྟེན་
188	terminal-particle	51		དང་པོར་རྣམ་པར་སྣང་མཛད་ཀྱི་ཞེས་བྱ་བ་ལ་སོགས་པ་ནི་དང་པོར་རྣམ་པར་སྣང་མཛད་ཀྱི་རྣལ་འབྱ
189	terminal-particle	9		དེ་ནས་ལག་པས་བླངས་ན༌[^77]འགྲུབ་པར་འགྱུར་རོ། །
190	terminal-particle	55		དེ་ལྟར་མི་བསྐྱོད་པ་ལ་སོགས་པའི་རྣལ་འབྱོར་པས་ཀྱང་རྡོ་རྗེ་ལ་སོགས་པ་མངོན་དུ་གྱུར་པའི
191	terminal-particle	35		མགོ་བོའི་སྒོར་ཞེས་བྱ་བ་ནི་སྤྱི་བོའི་སྟེང་གི་སྟེང་སྟེ་དེར་རི་ལུ་མངོན་དུ་གྱུར་པར་བ
192	terminal-particle	19		རབ་ཏུ་མཉམ་པའི་ཆ་ལུགས་འཛིན་པ་ནི་རང་གི་ལྷའི་སྦྱོར་བ་དང་མཐུན་པར་བརྗོད་པའོ། །
193	terminal-particle	12		ཡུལ་གཞན་དག་ཅེས་བྱ་བ་ནི་འདོད་ཆགས་ཀྱི་ཡུལ་ལོ། །
194	terminal-particle	42		ལུས་དང་ངག་དང་ཡིད་ཀྱི༌[^81]ཞེས་བྱ་བ་ནི་སྐུ་ལ་སོགས་པའི་ལྕགས་ཀྱུས་དེ་བཞིན་གཤེགས་པ་ར
195	terminal-particle	29		དེ་ཉིད་ཀྱི་སྦྱོར་བ་བསྟན་པར་བྱ་བའི་ཕྱིར་ཞེས་བྱ་བ་ལ་སོགས་པ་ནི་རླུང་གི་དཀྱིལ་འཁོར་ལ
196	terminal-particle	18		སྐྱེ་བོ་སྐལ་བ་དང་ལྡན་པ༌[^84]ཞེས་བྱ་བ་ནི་རྣལ་འབྱོར་པས་གཞན་གྱི་དོན་དུ་བྱའོ། །
197	terminal-particle	14		གཞན་དག་ཏུ་ཞེས་བྱ་བ་ནི་གདུག་པ་ཅན་གྱི་སེམས་ཅན་ལའོ། །
198	terminal-particle	14		ཐུན་མོང་མ་ཡིན་པ་ཞེས་བྱ་བ་ནི་སྤྱོད་ཡུལ་མ་ཡིན་པའོ། །
199	terminal-particle	18		རྒྱས་གདབ་པར་བྱའོ་ཞེས་བྱ་བ་ནི་སྙོམས་པར་འཇུག་པར་བྱའོ་ཞེས་བྱ་བའི་དོན་ཏོ། །
200	terminal-particle	39		ལག་པར་གནས་པ་ཞེས་བྱ་བ་ནི་བསྒྲུབ་པར་བྱ་བ་བཀུག་ལ་ལག་པས་བཟུང་སྟེ། བཟླས་པའི་སྔགས་ཀྱི་
201	line-end	16		སྒྲར་གྲག་པ༌[^85]ཟིན་པ་དང་ཞེས་བྱ་བ་ནི་སེམས་ཅན་གྱི་འབྱུང་བས་བསྐྱེད་པའོ། །
202	verse-stanza	21		མ་ཟིན་པ་ནི་རྔ་དང་ཤིང་ལ་སོགས་པའི་སྒྲའོ། །↵གཉི་ག་ནི་སེམས་དང་སེམས་མེད་པས་བྱས་པའི་སྒ
203	line-end	15		འབྲས་བུའི་ཕྱོགས་གཅིག་པོ་ཞེས་བྱ་བ་ནི་ཐ་མལ་པའི་དངོས་གྲུབ་པོ། །
204	terminal-particle	18		དེ་ནས་སའི་ཆ་ལ་སོགས་པ་ཞེས་བྱ་བ་ནི་གཞལ་ཡང༌[^86]ཁང་བརྩེགས་པ་ལ་སོགས་པའོ། །
205	terminal-particle	25		རྒྱུ་དང་འབྲས་བུ་ཞེས་བྱ་བ་ནི་སྔ་མ་སྔ་མ་ནི་རྒྱུ་ཡིན་ལ་ཕྱི་མ་ཕྱི་མ་ནི་འབྲས་བུ་ཡིན་ན
206	terminal-particle	14		བདག་པོ་རྡོ་རྗེ་འཆང་ཆེན་པོ་ཞེས་བྱ་བ་ནི་མི་བསྐྱོད་པའོ། །
207	terminal-particle	36		གསང་བ་གསུམ་ཞེས་བྱ་བ་ནི་ཡུལ་དང་དབང་པོ་དང་རྣམ་པར་ཤེས་པ་སྟེ། དམན་པ་དང་འབྲིང་པོ་དང་།
208	terminal-particle	28		དེ་ལ་རིམ་པ་བཞིན་དུ་རབ་ཏུ་སྦྱར་ནས་མཚན་མ་རྣམས་རབ་ཏུ་སྐྱེ་སྟེ། མཚན་མ་དབང་པོ་རྣམས་ཡང
209	terminal-particle	9		རྡོ་རྗེའི་ལམ་ནི་འོད་གསལ་བ་ནས་སོ། །
210	terminal-particle	19		ཐབས་དང་ཤེས་རབ་སྙོམས་པར་འཇུག་པ་ཞེས་བྱ་བ་ནི་བདེན་པ་གཉིས་གཅིག་ཏུ་གྱུར་པའོ། །
211	line-end	16		སྒྲོན་མ་གསལ་བར་བྱེད་པའི་ལེའུ་བཅུ་གཉིས་པའི་དཀའ་བ་བཏུས་པའི་བཤད་པའོ།། །།
212	terminal-particle	16		རིམ་པ་གཉིས་ནི་མ་རྫོགས་པ་དང་རྫོགས་པའི་རིམ་པ་དག་ལ་བསླབ་པའོ། །
213	terminal-particle	29		མ་གནང་བའི་མངོན་སྤྱོད་ཅེས་བྱ་བ་ནི་སེམས་ཅན་གྱི་དོན་སྤངས་པའི་དབང་ཕྱུག་ཆེན་པོ་ལ་སོགས
214	terminal-particle	12		སྤྱོད་པ་ནི་ལས་དེ་དག་སྤྱོད་པར་མཛད་པ་བསྐྱེད་པའོ། །
215	terminal-particle	19		ཉེ་བར་ལེན་པའི༌[^87]ཕྱག་རྒྱ་ཆེན་པོའི༌[^88]སྐུ་ལ་ཉེ་བར་ལེན་པ་ཞེས་བྱ་སྟེ་ཡི་གེ་གསུམ
216	terminal-particle	30		དེ་སྨྲས་པ་ནི་སྤྲུལ་པའི་སྐུ་ཉེ་བར་ལེན་པའོ་ཞེས་པ་སྟེ། ཕྱག་རྒྱ་ཆེན་པོའི་སྐུར་སྦྱར་བ
217	terminal-particle	58		སངས་རྒྱས་རྣམས་ཀྱི་ཞེས་བྱ་བ་ནི་མི་བསྐྱོད་པ་ལ་སོགས་པའི་སངས་རྒྱས་གཞན་རྣམས་ཀྱང་སྟེ། 
218	terminal-particle	24		ཡང་སངས་རྒྱས་ཀྱི་ཞེས་བྱ་བ་ནི་མི་བསྐྱོད་པ་ལ་སོགས་པའི་སངས་རྒྱས་ཀྱི་ཕྱག་རྒྱ་ཆེན་པོའི
219	terminal-particle	29		རང་གི་ལུས་དང་ངག་དང་ཡིད་ཀྱི་ནང་ན༌[^90]གནས་པའི་བཀོད་པའི་མཆོད་པས་སྐུ་གསུང་ཐུགས་ལ༌[^
220	terminal-particle	27		དེ་ལྟར་དབང་པོ་རབ་དང་ལྡན་པ་ཞེས་བྱ་བ་ནི་དབང་པོ་རབ་དང་ལྡན་པ་ཡི་ནི་དུས་གཅིག་ཏུ་སྤྲོས
221	terminal-particle	17		ཡང་ན་ཞེས་བྱ་བ་ནི་རིམ་པས་སྤྲོས༌[^92]ལ་མཆོད་པ་བྱའོ་ཞེས་སྟོན་པ་ཡིན་ནོ། །
222	terminal-particle	23		ཡེ་ཤེས་ཀྱི་ཁྱད་པར་གྱིས་ཞེས་བྱ་བ་ནི་རླུང་དང་རྣམ་པར་ཤེས་པ་སྒྱུ་མའི་རང་བཞིན་ཅན་གྱིས
223	terminal-particle	29		སྐུ་རྡོ་རྗེ་ཞེས་བྱ་བ་ལ་སོགས་པ་ནི་ཡི་གེ་གསུམ་རྣམ་པར་དག་པའི་སྒོ་ནས་རྡོ་རྗེ་བཟླས་པར
224	terminal-particle	13		དོན་གྱི་རྗེས་འགྲོ་ཞེས་བྱ་བ་ལ་སོགས་པ་ནི་གསལ་ལོ། །
225	terminal-particle	29		ལུས་ཏེ་ཞེས་བྱ་བ་ནི་རྣམ་པར་དག་པ་གང་གིས་གཤིན་རྗེ་གཤེད་ལ་སོགས་པ་སྐྱེས་པ་དང་བུད་མེད་
226	terminal-particle	10		མ་རིག་པའོ་ཞེས་བྱ་བ་ནི་སྟོང་པ༌[^94]ཆེན་པོའོ། །
227	terminal-particle	16		དེས་དོན་དུ་གཉེར་ཞིང་གསལ་བ་ནི་ཧཱུཾ་གིས་བསྒྲུབ་བྱ་སྦར་བར་བྱ་བའོ། །
228	terminal-particle	40		འདི་ཉིད་ཀྱི་ཆོ་ག་ཞེས་བྱ་བ་ནི་དཀྱིལ་འཁོར་པར་གྱུར་པས༌[^95]ཞི་བ་ལ་སོགས་པ་བྱའོ།[^96]
229	terminal-particle	43		རྣམ་པར་སྣང་མཛད་ཡོངས་སུ་གྱུར་པ་ལས་ཞེས་བྱ་བ་ནི་རྣམ་པར་སྣང་མཛད་ཀྱི་རྣལ་འབྱོར་པས་རྣམ
230	terminal-particle	7		ཕུན་སུམ་ཚོགས་པ་ནི་བསྐྱེད་པའོ། །
231	terminal-particle	21		བདག་ནི་ཞེས་བྱ་བ་ནི་བདག་དེ་བཞིན་གཤེགས་པ་ཆེ་གེ་མོའི་ཞེས་ང་རྒྱལ་དང་ལྡན་པར་བྱའོ། །
232	terminal-particle	22		བསྒྲུབ་བྱའི་ལུས་རང་གི་གཞིར་གྱུར་པ་ཞེས་བྱ་བ་ནི་བཞི་པའི་བསྒྲུབ་བྱའི་བདག་ཉིད་སྟོང་པ
233	terminal-particle	21		ནམ་མཁའི་དབྱིངས་ཀྱི་དབུས་ཏེ་ཞེས་བྱ་བ་ནི་རྡོ་རྗེ་སེམས་དཔའི་ཤེས་རབ་ཀྱི་ཆོས་འབྱུང་བ་
234	terminal-particle	28		དེར་ཡི་གེ་ཨོཾ་བལྟས་ལ་རྡོ་རྗེ་སེམས་དཔའ་ནང་དུ་བཅུག་ནས་བདག་ཉིད་བསྒོམས་ཏེ། བདག་ཉིད་ཀ
235	terminal-particle	22		དེའི་མདུན་དུ་སྟེ་ཞེས་བྱ་བ༌[^97]ནི་སྣང་བ་མཐའ་ཡས་ཀྱི་མདུན་དུ་སྟེ། བྱང་ན་གནས་པའི་དོ
236	terminal-particle	34		དེ་དག་ལ་ཞེས་བྱ་བ་ནི་མི་བསྐྱོད་པ་དང་སྣང་བ་མཐའ་ཡས་དག་གི་གཙོ་བོ་དོན་ཡོད་གྲུབ་པ་སྟེ།
237	terminal-particle	44		དེའི་སྙིང་གར་འདོད་པ་དགོད་དེ། ཟླ་བ་དང་རྡོ་རྗེ་ལ་སོགས་པ་ལ་ལྟོས་པ་མེད་པ་ནི་ཟླ་བ་དང་
238	line-end	16		སྒྲོན་མ་གསལ་བར་བྱེད་པའི་ལེའུ་བཅུ་གསུམ་པའི་དཀའ་བ་བཏུས་པའི་བཤད་པའོ།། །།
239	terminal-particle	28		སྔགས་རྣམ་པ་བཞིའི་ཞེས་བྱ་བ་ནི་སྦྲུལ་ལ་སོགས་པའི་སྔགས་བཟླས་པས་དྲག་པོའི་ལས་དང་རིམས་ལ
240	terminal-particle	33		སྙིང་གའི་ཕྱོགས་སུ་ཞེས་བྱ་བ་ནི་སྭཱ་ཧཱ་སྔོན་དུ་སོང་བའི་ཆེ་གེ་མོ་ཨཱ་ཀཱཪྵ་ཡ་ཧྲི་ཞེས་
241	terminal-particle	42		ཉི་མའི་དཀྱིལ་འཁོར་གཉིས་ཀྱི་དབུས་སུ་ཚུད་པར་བྱས་ལ་ཞེས་པ་ནི་བསྒྲུབ་བྱ་སེམས་དཔའ་གསུམ
242	terminal-particle	13		ལག་མཐིལ་གཉིས་སུ་ཞེས་བྱ་བ་ལ་སོགས་པ་ནི་གསལ་ལོ། །
243	terminal-particle	33		དེའི་དེ་ཁོ་ན་ཉིད་ནི་གཞན་དུ་མི་འགྱུར་བ་ཉིད་ཅེས་བྱ་བ་ནི་རྫས་དང་བཟླས་བརྗོད་ལ་ལྟོས་པ
244	terminal-particle	39		སངས་རྒྱས་ནི་སྟོན་པའོ་ཞེས་བྱ་བ་ནི་རྡོ་རྗེ་འཛིན་པ་ལ་སོགས་པའི་ཕྱག་རྒྱ་རྣམ་པ་གཉིས་པོ
245	terminal-particle	50		ལས་གྱི་ཚོགས་ལ་མཁས་པ་རྣམས་ཀྱང་ཞེས་བྱ་བ་ནི་རྒྱུད་གཞན་གྱི་ལས་ཀྱི་ཚོགས་རྣམས་མཐོང་ཞིང
246	terminal-particle	11		སེང་ལྡེང་གི་ཕུར་པ་ནི་སྣང་བ་མཐའ་ཡས་ཀྱིའོ། །
247	terminal-particle	8		ལྕགས་ཀྱི་ཕུར་པ་ནི་མི་བསྐྱོད་པའིའོ། །
248	terminal-particle	17		ཙནྡན་ལ་སོགས་པའི་ཕུར་པ་ནི་དོན་ཡོད་གྲུབ་པ་དང་། རིན་ཆེན་འབྱུང་ལྡན་གྱིའོ། །
249	terminal-particle	10		གནས་ལས་ཉམས་པར་འགྱུར་བ་ནི་གནས་འདོར་བའོ། །
250	terminal-particle	15		དེ་བཞིན་དུ་ངག་མནན་པ་དང་སེམས་མནན་པ་ཡང་བྱ་བ་ཡིན་ནོ། །
251	terminal-particle	7		ཡང་ན་གསང་བ༌[^101]འགྲུབ་པར་འགྱུར་རོ། །
252	line-end	16		སྒྲོན་མ་གསལ་བར་བྱེད་པའི་ལེའུ་བཅུ་བཞི་པའི་དཀའ་བ་བཏུས་པའི་བཤད་པའོ།། །།
253	terminal-particle	28		དཀྱིལ་འཁོར་གྱི་དབུས་སུ་ཞེས་བྱ་བ་ནི་མི་བསྐྱོད་པའི་རྣལ་འབྱོར་པས་ཤེས་རབ་མ་དང་རིགས་ལ
254	terminal-particle	14		འཁྱུད་པར་བྱས་པ་ནི་དཀྱིལ་འཁོར་གྱི་དབུས་སུ་རོལ་པར་བྱ་བའོ། །
255	terminal-particle	28		ནུབ་ནས་ཞེས་བྱ་བ་ནི་ཐུན་ཚོད་དག་འདས་ནས་ཟླ་བ་འཆར་བའི་དུས་ཏེ། ནམ་ཕྱེད་ཀྱི་དུས་སུ་དབང
256	terminal-particle	25		འགྲུབ་ཅེས་བྱ་བ་ནི་ཉི་མ་འཆར་བའི་དུས་སུ་སྟེ། ཕྱི་རོལ་གྱི་སྣང་བ་ལ་སོགས་པའི་ཡེ་ཤེས་ཀ
257	terminal-particle	47		རང་བཞིན་གྱིས༌[^103]འོད་གསལ་བར་སྔོན་དུ་འགྲོ་བས་ཞེས་བྱ་བ་ནི་འོད་གསལ་བ་མདུན་དུ་དྲན་
258	terminal-particle	9		ཉི་མ་ནི་སྣང་བ་ཉེ་བར་ཐོབ་པའོ། །
259	quote-close	29		འདི་སྤེལ་བ་ནི་བརྟན་པར་བྱེད་པ་ཡིན་ནོ་ཞེས་བྱ་བ་ནི་སྭཱ་ཧཱ་སྔོན་དུ་འགྲོ་བའི་ཆེ་གེ་མོ
260	terminal-particle	14		དམ་ཚིག་ཆེན་པོའི་ཁྲོ་བོ་ཞེས་པ་ནི་གཤིན་རྗེ་མཐར་བྱེད་དོ། །
261	terminal-particle	66		སྒྲུབ་པོ་གཞན་ལས་ལེན་པ་ཞེས་པ་ལ་སྒྲུབ་པོ་ནི་དགུག་པ་ཤེས་པའི་སློབ་དཔོན་ལས་ཀྱང་ངོ་། །
262	terminal-particle	16		ལས་དེ་བརྩམས་པ་ནས་ཞེས་བྱ་བ་ནི་བགེགས་བྱ་བའི་ལས་བརྩམས་ནས་སོ། །
263	quote-close	20		ཨི་དཾ་དི་བ༌[^106]ཡ་ཞེས་བྱ་བ་ནི་གསེར་ལ་སོགས་པ་བྱིན་ཅིག་ཧྲི་སྭཱ་ཧཱ་ཞེས་བྱ་བའོ། །
264	terminal-particle	15		རླུང་ལ་སོགས་པ་ཞེས་བྱ་བ་ནི་རླུང་གི་དཀྱིལ་འཁོར་ལ་སོགས་པའོ། །
265	terminal-particle	31		གལ་ཏེ་བག་མེད་པས་བྱུང་བར་གྱུར་ན་དེའི་ཚེ་མཆེ་བའི་ཕྱག་རྒྱ་ཞེས་པ་ལ། ཕྱག་རྒྱ་ནི་མཆེ་བ
266	terminal-particle	10		དེའི་སྦྱོར་བས་བགེགས་ཀྱི་ལས་རྣམས་མེད་པར་བྱའོ། །
267	terminal-particle	24		དེ་ལྟར་མ་བྱས་ན་བྱ་བ་རྣམས་མི་འགྲུབ་སྟེ། དེའི་ཚེ་དཀྱིལ་འཁོར་ལ་སོགས་པ་རྣམས་འཇིག་ཅིང
268	quote-close	18		ཕཊ་ནི་གསོད་པའོ་ཞེས་བྱ་བ་ནི་ཕཊ་ཆེ་གེ་མོ་མཱ་ར་ཡ་ཕཊ་ཅེས་པའོ། །
269	terminal-particle	35		འདི་ནི་གསོད་པའི་སྔགས་ཏེ་ཞི་བ་ལ་སོགས་པའི་སྔགས་ལ་ཡང་ཐ་མར༌[^107]གསད་པའི༌[^108]སྔགས་
270	terminal-particle	34		ཡེ་ཤེས་ཀྱི་རིམ་པ་ཞེས་བྱ་བ་ནི་ཡེ་ཤེས་སེམས་དཔའ་བཅུག་པའི་རིམ་པས་རྡོ་རྗེ་མི་བསྐྱོད་པ
271	terminal-particle	17		[^109]དཀྱིལ་འཁོར་ལྔའི་བདག་ཉིད་དུ་སྐད་ཅིག་གིས་བསྐྱེད་ལ་རྣལ་འབྱོར་པར་བསྒོམ་པར་བྱའོ
272	line-end	27		སྔགས་དང་ཕྱག་རྒྱས་ལེགས་པར་བརླབས་པའི༌[^110]བུད་མེད་བཞི་ཞེས་བྱ་བ་ལ་སོགས་པས་ནི་རིག་པ
273	terminal-particle	22		རང་གི་སྙིང་གའི་པདྨོ་ལ་སོགས་པ་ཞེས་བྱ་བ་ལ་སོགས་པ་ནི་པདྨའི་སྟེང་དུ་ཡེ་ཤེས་སེམས་དཔའོ
274	terminal-particle	51		དེའི་སྟེང་དུ་ཡི་གེ་ཧཱུཾ་གནས་པར་བསྒོམས་ཏེ། དེ་ཉིད་དཀྱིལ་འཁོར་གྱི་བདག་པོ་རྡོ་རྗེ་འ
275	terminal-particle	39		དེ་ཡང་སེམས་དཔའ་ལས་སྐྱེས་པའི་སྣ་ཚོགས་རྡོ་རྗེ་ལ་གནས་པ་འོག་ནས་འཆད་པའི་ཞལ་གྱི་པདྨ་བཞ
276	terminal-particle	45		ད་ནི་ཕྱག་རྒྱ་གཅིག་དང་ཞེས་བྱ་བ་ནི་རྡོ་རྗེ་སེམས་དཔའ་འབའ་ཞིག་གི་རྣལ་འབྱོར་གྱི་ཕྱག་ར
277	terminal-particle	13		སུ་ནི་སུ་བརྞ་སྟེ་གསེར་ཏི་ནི་ཏམ་པ་སྟེ་ཟངས་མའོ། །
278	terminal-particle	13		རུ་ནི་རུ་པ་ན་རུ་སྟེ་དེ་དག་གིས་བཀྲི་བར༌[^114]བརྗོད་དོ། །
279	terminal-particle	17		ནུས་པ་བསྐྱེད་པའི་ཕྱིར་དང་ཞེས་བྱ་བ་ནི་མཐུ་ཆེན་པོ་བསྐྱེད་པའི་ཕྱིར་ནའོ། །
280	terminal-particle	18		དེ་ལྟར་མངོན་དུ་བྱས་པ་ལ་སྤྱོད་པའི་ཞེས་བྱ་བ་ནི་སྐྱིལ་མོ་ཀྲུང་བཅས་པའོ། །
281	terminal-particle	44		ཡང་དག་པར་བསྐུལ་ལ་ཐབས་ཀྱི་ཡེ་ཤེས་འབྱུང་བར་བྱས་ན་ཞེས་བྱ་བ་ནི་སེམས་སྙིང་རྗེའི་རང་བཞ
282	line-end	29		གསུང་གི་རྡོ་རྗེ་སྙིང་གའི་ཕྱོགས་སུ་བབས་ནས་ཞེས་བྱ་བ་ནི་གསུང་གི་རྡོ་རྗེའི་འོད་ཟེར་ཐ
283	terminal-particle	47		འདི་ལྟ་བུར་བསྒྲུབ་བྱ་དང་པོར་བསམས་ནས་ཞེས་བྱ་བ་ནི་བསྒྲུབ་བྱ་ཐོབ་པ་ལ་སོགས་པ་དང་ལྡན་
284	terminal-particle	25		དེ་ནས་བསྒྲུབ་བྱ་དེའི་མིག་ལ་སོགས་པ་རང་གི་སའི་སྙིང་པོ་ལ་སོགས་པ་ལ་བཅུག་ལ་བསྒྲུབ༌[^1
285	terminal-particle	62		ཡི་གེ་ཧྲིའི་འོད་ཟེར་གྱིས་ཞེས་བྱ་བ་ནི་ཁ་ན་གནས་པའི་ཡི་གེ་ཁཾ་དེའི་སྟེང་གི་ནང་རོལ་དཔ
286	terminal-particle	52		བསྒྲུབ་པར་བྱ་བས་མཉེས་པར་བྱ་བ་ཞེས་བྱ་བ་ནི་བསྒྲུབ་བྱའི་རང་གི་ཡི་དམ་གྱི་ལྷ་སྟེ་དེ་ཕ
287	terminal-particle	44		ཡི་གེ་ཧཱུཾ་ཞེས་བྱ་བ་ནི་སྔར་གྱི་སྐུ་རྡོ་རྗེའི་རང་བཞིན་ཡི་གེ་ཨོཾ་གྱིས་དུག་གསོ་བར་བ
288	line-end	13		རྐང་པའི་འོག་ནི་སྙིང་གའི་དབུས་དང་རྐང་མཐིལ་གྱི་དབུས་སོ། །
289	terminal-particle	25		དེ་ལྟར་སྡུད༌[^119]པའི་ཚུལ་གྱིས་ཞེས་བྱ་བ་ནི་དེ་ལྟ་བུར་ཐམས་ཅད་འདིས་གཅིག་ཏུ་བསྡུས་པ
290	terminal-particle	45		ཧྲི་བསྒོམས་ནས་ཞེས་བྱ་བ་ནི་འདབ་མ་རྣམས་ལ་གནས་པའི་ཡི་གེ་ཧྲིའི་འོད་ཟེར་གྱིས་དུག་རྣམས
291	terminal-particle	25		མཚན་མ་དང་བཅས་པས་ཞེས་བྱ་བ་ནི་སྔགས་ལ་མཆོག་ཏུ་གཞོལ་བས་སྐྱེས་པ་དང་བུད་མེད་ལ་སོགས་པ་མ
292	terminal-particle	40		མཚན་མ་མེད་པ་ཞེས་བྱ་བ་ནི་འཇིག་རྟེན་ལས་འདས་པའི་དངོས་གྲུབ་ཀྱི་མཚན་མ་སྟེ་ནང་ལ་མཆོག་ཏ
293	terminal-particle	15		དགའ་བ་ལྔ་ཞེས་བྱ་བ་ནི་དབང་པོ་ལྔ་པོ་དགའ་ཞིང་བདེ་བའོ། །
294	line-end	16		སྒྲོན་མ་གསལ་བར་བྱེད་པའི་ལེའུ་བཅོ་ལྔ་པའི་དཀའ་བ་བཏུས་པའི་བཤད་པའོ།། །།
295	terminal-particle	44		འབའ་ཞིག་ཏུ་བྲིས་ཤིང་གཞག་པར༌[^121]བྱའོ་ཞེས་བྱ་བ་ནི་བདག་པོ་ཕྱག་རྒྱ་དང་ལྡན་པར་དབུས་
296	terminal-particle	39		པདྨས་བརྒྱན་པ་བྲིས་ལ་ཞེས་བྱ་བ་ནི་པདྨའི་དཀྱིལ་འཁོར་ཟླ་བའི་དབྱིབས་ལྟ་བུར་པདྨའི་ཕྲེང
297	terminal-particle	45		སྔགས་ལ་མཆོག་ཏུ་གཞོལ་བ་སྟེ་དེས་ནི་ཞེས་བྱ་བ་ནི་འཕགས་པ་དེ་ཁོ་ན་ཉིད་བསྡུས་པ་ལས༌[^124
298	terminal-particle	87		ཡང་དབང་པོ་གཉིས་ཀྱི་སྦྱོར་བ་ཞེས་བྱ་བ་ནི་ཇི་ལྟ་བའི་ཕྱི་རོལ་གྱི་མེ་ལ་ལྷག་མ་ལ་སོགས་པ
299	terminal-particle	23		དབབ་པ་བྱས་ནས་མི་བསྐྱོད་པ་ལ་སོགས་པས་བསྒྲུབ་བྱའི་ལུས་དང་ངག་དང་ཡིད་ལ་བྱིན་གྱིས་བརླབ
300	terminal-particle	18		ཨ་ཁཾ་བི་ར་ཧཱུཾ་ཞེས་བྱ་བ་འདིས་ནི་སློབ་མ་དཀྱིལ་འཁོར་དུ་གཞུག་པར་བྱའོ། །
301	terminal-particle	26		སངས་རྒྱས་ཀུན་གྱི་ཞེས་བྱ་བ་ནི་རྡུལ་ཚོན་གྱི་དཀྱིལ་འཁོར་ལ་བསྒྲུབ་པ་བྱས་ནས་ནང་གི་མཆོ
302	terminal-particle	30		ཡུངས་ཀར་ཞེས་བྱ་བ་ནི་དེ་བཞིན་གཤེགས་པ་ཐམས་ཅད་ཀྱི་རྗེས་སུ་ཆགས་པ་སྔོན་དུ་འགྲོ་བའི་གས
303	terminal-particle	23		ཡང་ན་ཞེས་བྱ་བ་ལ་སོགས་པ་ནི་ལྷ་མོ་རྣམས་ཀྱིས་དབང་བསྐུར་བ་ནི་སློབ་མ་ལ་བསམ་པར་བྱའོ། །
304	line-end	31		སློབ་དཔོན་ཐམས་ཅད་ཀྱི་ཞེས་བྱ་བ་ལ་སོགས་པ་ནི་ཐུགས་ཀྱི་དཀྱིལ་འཁོར་ལ་སོགས་པར་དབང་ལྔ་པ
305	terminal-particle	21		དེ་ཡང་དབང་བསྐུར་བ་ཆེན་པོ་ཞེས་བྱ་བ་ལ་སོགས་པའི་ཚིགས་སུ་བཅད་པ་འདོན་ཅིང་སྦྱིན་ནོ། །
306	terminal-particle	23		ཤེས་རབ་དང་ལྡན་པ་ནི་མཱ་མ་ཀཱི་ལ་སོགས་པ་དང་སྙོམས་པར་འཇུག་པའི་སྦྱོར་བ་དང་ལྡན་པ་ལའོ། 
307	terminal-particle	28		དམ་ཚིག་དང་སྡོམ་པ་འཛིན་པ་ཞེས་བྱ་བ་ལ་སོགས་པ་ནི་སྔགས་དང་བསྒོམ་པ་ལ་སོགས་པ་ལ་དངོས་གྲུ
308	terminal-particle	31		ཇི་ལྟར་འདོད་པ་སྨྲ་བའི་སློབ་མ་ལ་རྗེས་སུ་གནང་བ༌[^129]སྦྱིན་པར་བྱ་བ་ནི་བསམ་པ་ཤེས་པར
309	terminal-particle	25		ཁུ་བ་ཞེས་བྱ་བ་ལ་སོགས་པ་ནི་གསང་བའི་དབང་བསྐུར་བ་ལ་སོགས་པ་སྦྱིན་པར་བྱ་བ་ཡིན་པར་སྟོན
310	terminal-particle	10		གནོད་སྦྱིན་གྱི་གཙོ་བོ་ནི་ཕྱག་ན་རྡོ་རྗེའོ། །
311	terminal-particle	38		བསྒྲུབ་བྱར་གྱུར་པའི་གདུག་པ་རྣམས་ཞེས་བྱ་བ་ནི་ཉན་ཐོས་ཀྱི་ལྟ་བ་ཅན་དུ་སུན་འབྱིན་པའི་
312	terminal-particle	17		རྡོ་རྗེ་ཆེན་པོ་བསྒོམ་ཞིང་ཞེས་བྱ་བ་ལ་རྡོ་རྗེ་ནི་རྡོ་རྗེ་སེམས་དཔའོ། །
313	terminal-particle	30		བསྒོམ་པ་ནི་དེ་ཞུ་བ་ལས་བྱུང་བའི་ཡི་གེ་ཙུྃ་སྟེ། དེ་ལས་སྐྱེས་པའི་རྡོ་རྗེ་ཆེན་པོ་ནི་
314	terminal-particle	39		སྐུལ་བྱེད་མ་ཞེས་བྱ་བ་ནི་གདུག་པ་ཅན་གྱི་ལུས་དང་ངག་དང་ཡིད་ལ་འཇོམས་ཤིང་འཇོམས་པར་བྱེད
315	terminal-particle	22		དོན་ནི་འདི་ཡིན་ཏེ་གདུག་པ་ཅན་རྣམས་ཀྱི་ལུས་དང་ངག་དང་ཡིད་རྣམས་འཇོམས་སོ་ཞེས་པའི་དོན་
316	terminal-particle	24		རྡོ་རྗེ་བདུད་རྩི་ཆུ་ཞེས་བྱ་བ་ནི་བྱང་ཆུབ་ཀྱི་སེམས་ཀྱི་རང་བཞིན་དུ་བསམས་ཏེ། སྤྱི་གཙ
317	line-end	16		སྒྲོན་མ་གསལ་བར་བྱེད་པའི་ལེའུ་བཅུ་དྲུག་པའི་དཀའ་བ་བཏུས་པའི་བཤད་པའོ།། །།
318	terminal-particle	48		ཆོ་འཕྲུལ་ཞེས་བྱ་བ་ལ་སོགས་པ་ནི་བཅོམ་ལྡན་འདས་ཀྱིས་ཤིང་ཨ་མྲ་ལ་སོགས་པར་སྤྲུལ་ནས་མཛད་
319	terminal-particle	45		དེ་ལྟ་བུ་ཉིད་ནི་བཅོམ་ལྡན་འདས་ཀྱི་མཛད་པ་སྟེ། དེ་ཉིད་སྐུ་རྡོ་རྗེ་ལ་གནས་པའི་དམ་ཚིག་
320	terminal-particle	25		དེ་བཞིན་དུ་ཉན་ཐོས་ལ་སོགས་པའི་དམ་ཚིག་གིས་ཀྱང་དེའི་རིགས་ཅན་ལ་དེ་དང་འཚམ༌[^130]པའི་ཆ
321	terminal-particle	34		དེ་བཞིན་དུ་དབང་ཕྱུག་ཆེན་པོའི་གོ་འཕང་ཐོབ་པར་འདོད་པའི་འདོད་ཆགས་ཅན་རྣམས་ལ་འདོད་ཆགས་
322	terminal-particle	37		དེ་བཞིན་དུ༌[^132]ཁྱབ་འཇུག་གི་གོ་འཕང་འཐོབ་པར་འདོད་པ་ལ་ཡང་ཐམས་ཅད་སྟོང་པ་ཉི༌[^133]ཚ
323	line-end	74		གནོད་སྦྱིན་མོ་ལ་སོགས་པའི་དམ་ཚིག་ནི་ཤ་ལ་སོགས་པ་བཟའ་བ༌[^135]དང་སེམས་ཁྲོ་བ་ལ་སོགས་པ
324	line-end	27		རྡོ་རྗེ་ལས་བྱུང་བ་ནི་འོད་གསལ་བའོ་ཞེས་བྱ་བ་ནི་དངོས་པོ་རྣམས་འོད་གསལ་བའི་རང་བཞིན་འོ
325	verse-stanza	17		ཆོས་ནི་མི་དགེ་བ་བཅུ་སྤངས་པའོ། །↵ཆོས་མ་ཡིན་པ་ནི་མི་དགེ་བ་བཅུ་པོའོ། །
326	terminal-particle	14		བླང་དོར་ལ་ལྟོས་པ་མེད་པར་ཉམས་སུ་ལེན་པ༌[^140]ནི་འོད་གསལ་བའོ། །
327	terminal-particle	18		དེ་ཉམས་སུ་བླངས་པས་རྣལ་འབྱོར་པ་མི་གནས་པའི་མྱ་ངན་ལས་འདས་པར་འགྱུར་རོ། །
328	terminal-particle	31		དགོས་པའི་དབང་གིས་ཞེས་བྱ་བ་ནི་སངས་རྒྱས་ལ་སོགས་པ་ལ་ལུས་དང་ངག་ཙམ་གྱིས་ཕྱག་འཚལ་ཞིང་ལ
329	terminal-particle	30		ཕྱི་རོལ་གྱི༌[^141]བཅུད་ཀྱིས༌[^142]ལེན་གང་ཡིན་པ་དེ་ལ་ལྟོས་པ་མེད་པ་ཞེས་བྱ་བ་ནི་ཏིང
330	terminal-particle	27		བདུད་རྩི་ཞེས་བྱ་བ་ནི་རྡོ་རྗེ་སེམས་དཔའ་ལས་བདུད་རྩི་འཛག་པའི་རང་བཞིན་དབུ་རྒྱན་གྱིས༌
331	terminal-particle	22		རྡོ་རྗེ་ཕྲ་མོ་ནི་ལྕེ་སྟེ་ལྕེ་དེའི་རྩེ་མོ་ཁ་ལ་རེག་པ་ལས་སེམས་མཉམ་པར་གཞག་པར༌[^145]འ
332	terminal-particle	34		རྣལ་འབྱོར་ཐམས་ཅད་ཅེས་བྱ་བ་ནི་ཀུན་རྫོབ་དང་དོན་དམ་པའི་བདག་ཉིད་ཅན་གྱི་རྡོ་རྗེ་འཛིན་
333	terminal-particle	18		ཉོན་མོངས་པ་ཅན་མ་ཡིན་པ་ནི་མངོན་སུམ་དུ་བྱེད་པའི་ཐབས་ཀྱི་སྦྱོར་བ་རིགས༌[^146]པའོ། །
334	terminal-particle	26		སོམ་ཉིར་གྱུར་པ་ནི་དེའི་ཤེས་རབ་ཡིད་གཉིས་ཟོས་ནས་ཕན་ཚུན་དུ་གྲོས་སུ་འགྲོ་བར་བྱེད་དོ་
335	terminal-particle	19		སྐུ་རྡོ་རྗེའི་རྒྱུར་གྱུར་པ་ཞེས་བྱ་བ་ནི་ཕྱག་རྒྱ་ཆེན་པོའི་རྒྱུར་གྱུར་པ་ལ་བྱའོ། །
336	terminal-particle	12		སྤྱི་བོར་རྡོ་རྗེ་ཞེས་བྱ་བ་ནི༌[^147]རྡོ་རྗེ་རྩེ་ལྔ་པའོ། །
337	terminal-particle	16		དེ་ཡོངས་སུ་གྱུར་པ་ལས་རྡོ་རྗེས་ཉེ་བར་མཚན་པའི་རྡོ་རྗེ་སེམས་དཔའོ། །
338	terminal-particle	19		རྡོ་རྗེ་སེམས་དཔའ་དེ་ཡོངས་སུ་གྱུར་པ་ལས་མི་བསྐྱོད་པ་ལ་སོགས་པར་བསྒོམ་པར་བྱའོ། །
339	terminal-particle	62		རིམ་པ་འདི་ཉིད་དང་ཞེས་བྱ་བ་ནི་རྡོ་རྗེ་སེམས་དཔའ་ཡོངས་སུ་གྱུར་པ་ལས་མི་བསྐྱོད་པ་ལ་སོ
340	terminal-particle	15		ཕྱི་རོལ་གྱི་ལྷ་ལ་ཞེས་བྱ་བ་ནི་མི་བསྐྱོད་པ་ལ་སོགས་པའོ། །
341	terminal-particle	16		དེ་རྣམས་ལས་མངོན་པར་ཞེན་པར་བྱེད་པའི་ལག་པའི་ཕྱག་རྒྱ་མི་བཅིང་བའོ། །
342	terminal-particle	6		དྲེགས་པ༌[^149]དང་གདུགས་ནི་མིའི་སྣའོ། །
343	terminal-particle	15		རྫོགས་པ་དང་ཟླ་བ་ནི་དེའི་ནང་གི་རྩ་ཟླུམ་པོའི་རྣམ་པར༌[^150]དག་གོ། །
344	terminal-particle	15		རུས་སྦལ་མགྲིན་ནི་དེའི་ནང་ན་རྩ་པདྨའི་རྣམ་པ་ལྟ་བུར་གནས་པའོ། །
345	terminal-particle	24		ལྟ་བ་དེ་བཟློག་པར་བྱ་བའི་ཕྱིར་ཞེས་བྱ་བ་ནི་ཐ་མལ་བའི་ལྟ་བ་ལ་སོགས་པ་རྣམ་པར་དག་པའོ། །
346	terminal-particle	67		སློབ་དཔོན་དེ་ཞེས་བྱ་བ་ནི་འདུས་པ་སྟོན་པ་པོ་སྟེ། དེ་བཞིན་གཤེགས་པའི་སྤྲུལ་པའི་གཟུགས
347	line-end	33		དེ་ཉིད་ཀྱི་ཟུང་དུ་འཇུག་པའི་བདག་ཉིད་ཡིན་པས་ན་རྡོ་རྗེ་འཛིན་ཆེན་པོ་དང་ཤིན་ཏུ་རྣམ་པར
348	terminal-particle	23		གསང་བ་ལྔའི་ཞེས་བྱ་བ་ནི་དེ་བཞིན་གཤེགས་པ་ལྔའི་བདག་ཉིད་སློབ་དཔོན་གྱི༌[^153]ལུས་ལ་མཆ
349	terminal-particle	70		རང་གི་སྙིང་གའི་པདྨ་ལ་ཞེས་བྱ་བ་ནི་ཤིན་ཏུ་སྤྲོས་པ་མེད་པ་ཤེས་པར་འདོད་པ་ལ་སྔོན་དུ་དཀ
350	terminal-particle	23		ནམ་མཁའི་དབྱིངས་ཞེས་བྱ་བ་ལ་སོགས་པ༌[^157]ནི་སྤྲོས་པ་དང་བཅས་པ་ཤེས་པར་འདོད་པའི་དོན་ས
351	terminal-particle	14		དེའི་འོག་ཏུ་ཞེས་བྱ་བ་ལ་སོགས་པ་ནི་སྔ་མ་བཞིན་ནོ། །
352	terminal-particle	27		རབ་ཏུ་སྦྱངས་པ་འགྲོ་བ་ཞེས་བྱ་བ་ནི་ཤིན་ཏུ་ཡང་སྤྲོས་པ་མེད་པ་འདོད་པ་ལ་དེ་ལྟ་བུར་བྱ་བ
353	terminal-particle	29		རང་གི་ལུས་ཞེས་བྱ་བ་ནི་ཐོག་མར་རྣལ་འབྱོར་པ་རང་གི་ལུས་ཀྱི་ཤ་དང་རུས་པ་ལ་སོགས་པ་འོད་ག
354	terminal-particle	21		དེ་ནས་ཧཱུཾ་ཏྲི་ཁཾ་ཞེས་བྱ་བ་ལ་སོགས་པས་རྡོ་རྗེ་མཁའ་འགྲོ་སྐྱེད་པར་བྱེད་པ་ཡིན་ནོ། །
355	terminal-particle	6		བུ་ནི་སངས་རྒྱས་རྣམས་སོ། །
356	terminal-particle	9		ཚ་བོ་ནི་བྱང་ཆུབ་སེམས་དཔའ་རྣམས་སོ། །
357	terminal-particle	14		པདྨ་དང་རྡོ་རྗེ་ཡང༌[^158]སྦྱར་བས་དོན་སྐྱེ་བར་བྱེད་པར་ཤེས་པར་བྱའོ། །
358	terminal-particle	13		ས་ནི་སྤྱན་མ་སྟེ་ཤེས་རབ་ཀྱི་དངོས་པོར་རོལ་པར་བྱའོ། །
359	terminal-particle	44		འདི་ལྟ་སྟེ་ཞེས་བྱ་བ་ལ་སོགས་པ་ནི་ཡི་གེ་ཨོཾ་ལས་བྱུང་བའི་འཁོར་ལོའི་དབུས་སུ་བསྒྲུབ་བ
360	terminal-particle	18		སེར་པོ་ལྟ་བུར་བྱ་བ་ནི་མནན་པའི༌[^159]དུས་སུ་ནི་ཐམས་ཅད་སེར་པོར་བསྒོམ་པར་བྱའོ། །
361	terminal-particle	22		མཆོད་ཡོན་གྱི་ཤིང་ནི་ཤིང་དེའི་འབྲས་བུའི་ནང་ན་པདྨོའི་བལ་ཏེ་དེ་བསྒྲིལ་ལ་པདྨའི་སྐུད་
362	terminal-particle	13		ནང་གི་མངོན་པར་བྱང་ཆུབ་པ་ནི་སྣང་བ་ལ་སོགས་པའོ། །
363	terminal-particle	21		ཤེས་རབ་ཀྱི་རབ་རིབ་ཀྱི་ཞེས་བྱ་བ་ནི་དེ་ཁོ་ན་ཉིད་རྟོགས་པས་སེམས་ཞུ་བར་གྱུར་པའོ། །
364	terminal-particle	9		དྲུག་པའི་བདག་ཉིད་ནི་རྡོ་རྗེ་འཛིན་པའོ། །
365	terminal-particle	18		སྙོམས་པར་ཞུགས་པའི་བདག་ཨཱ་ལི་ཀཱ་ལི་ཞེས་བྱ་བ་ནི་གཡས་དང་གཡོན་པའི་རྩའོ། །
366	terminal-particle	22		ནམ་མཁའི་གཏོས་ཞེས་བྱ་བ་ལ་སོགས་པས་ནི་མངོན་པར་རྟོགས་པའི་རིམ་པས་བསྟན་པ་ཡིན་པར་བརྗོད་
367	terminal-particle	75		འདིའི་དོན་ནི་རྡོ་རྗེ་སེམས་དཔའ་ཆུར་ཞུ་བའི་འོད་ཟེར་གྱིས་སེམས་ཅན་ཐམས་ཅད་ལ་རེག་པས་དེ
368	terminal-particle	26		དེ་ལྟར་བསྟན་པ་མཛད་ནས་གསུང་གི་རྡོ་རྗེ་ལ་བསྟོད་པར་མཛད་པ་རྡོ་རྗེ་ཆོས་ཞེས་བྱ་བ་ལ་སོག
369	terminal-particle	17		རྡོ་རྗེ་ཆོས་ཞེས་བྱ་བའི་ཚིག་ནི་ཕྱག་ན་རྡོ་རྗེ་ལ་བྱ་བ་ཡིན་ནོ། །
370	line-end	16		སྒྲོན་མ་གསལ་བར་བྱེད་པའི་ལེའུ་བཅུ་བདུན་པའི་དཀའ་བ་བཏུས་པའི་བཤད་པའོ།། །།
371	terminal-particle	27		སློབ་དཔོན་ལེགས་ལྡན་བྱེད༌[^161]ཀྱིས་མཛད་པ་སྒྲོན་མ་གསལ་བར་བྱེད་པའི་རྡོ་རྗེའི༌[^162
372	line-end	34		རྒྱ་གར་གྱི་མཁན་པོ་རྒྱལ་བ་མཆོག་གི་ཞལ་སྔ་ནས༌[^163]དང་། །བོད་ཀྱི་ལོ་ཙཱ་བ་དགེ་སློང་ད
373	terminal-particle	165		[^1]: བཀླགས་པ་ ༼པེ།༽ ཀླགས་པ་↵[^2]: ཅན་གྱི་ ༼པེ།༽ ཅན་གྱིས་↵[^3]: ཤེས་རབ་ ༼སྣར། པེ
374	terminal-particle	12		[^44]: བཀོད་པ་ ༼པེ།༽ དཀོད་པ་↵[^45]: བྱས་པ་ ༼པེ།༽ བྱ་བ་↵[^46]: བཟངས་ ༼སྣར། པེ།༽ བ
375	terminal-particle	16		༼པེ།༽ ཆེན་པོ་↵[^48]: རྣམས་ལ་ངེས་ ༼སྣར། པེ།༽ རྣམས་ལངས་↵[^49]: བྱེད་པ་ ༼སྣར། པེ།༽ 
376	terminal-particle	65		༼སྣར། པེ།༽ བཤད་དེ་↵[^52]: ཆོས་ཅན་ ༼སྣར། པེ།༽ ཆོས་↵[^53]: པའོ། ༼སྣར། པེ།༽ ལའོ།↵[^
377	terminal-particle	159		༼པེ།༽ རང་བཞིན་↵[^68]: མཛེས་ཀྱི་ ༼སྣར། པེ།༽ མཛེས་↵[^69]: གི་ཞེས་བྱ་བ་ ༼སྣར། པེ།༽ 
378	line-end	214		༼སྣར། པེ།༽ རྣམས་གཏོན་ཏེ་↵[^110]: བརླབས་པའི་ ༼སྣར། པེ།༽ བསླབས་པའི་↵[^111]: དཔྱད་པ
SUMMARY	quote-balance	2	MISMATCH	open=2 close=3
