index	syllables	pieces	method	preview
9	45	1	STAGE2_MANUAL	སྙིང་པོ་སྦས་པ་འདི་ལ་ཡོད་ཅེས་བྱ་བ་ནི་འདོད་ཆགས་ལ་སོགས་པའི་རང་བ
12	41	1	STAGE2_MANUAL	བུམ་པའི་རས་བལ་ས་བོན་འདྲ།།ཞེས་བྱ་བ་ནི་བུམ་པ་ཆུང་ངུ་རས་བལ་གྱི་
21	56	1	STAGE2_MANUAL	བཤད་ཚུལ་རྣམ་པ་བཞི་པོ་ནི་ཚིག་གི་དོན་དང་། སྤྱིའི་དོན་དང་། སྦས་
36	12	2	citation-split	རྡོ་རྗེ་གསུམ་པོ་དམ་ཚིག་མཆོག།
ཅེས་བྱ་བ་ནི་བྷ་གའོ། །
54	81	1	STAGE2_MANUAL	བྷ་ག་ལ་བཞུགས་སོ་ཞེས་བྱ་བ་ལ་སོགས་པས་ནི་དང་པོར་ཕྱི་རོལ་གྱི་དཀྱ
60	72	1	STAGE2_MANUAL	ཆོས་སྟོན་པའི༌[^15]དུས་ན་ཕྱག་རྒྱ་དེ་དག་དང་ལྡན་པ་པོ་ཕྱག་གཉིས་པ
62	95	1	STAGE2_MANUAL	དེ་ནས་དཀྱིལ་འཁོར་པ་རྣམས་ཉིད༌[^19]ཀྱི་སྙིང་ག་ལ་སོགས་པའི་ཕུང་པ
67	53	1	STAGE2_MANUAL	དེ་ནས་ཞེས་བྱ་བ་ལ་སོགས་པས་ནི་བླ་མ་ལ་སློབ་མ་རྣམས་ཀྱིས་གསོལ་བ་བ
69	50	1	STAGE2_MANUAL	རྒྱུ་དང་འབྲས་བུའི་ཉེ་བར་གདགས་པ་ཞེས་བྱ་བའི་སྐུ་དང་གསུང་དང་ཐུག
77	60	1	STAGE2_MANUAL	དེ་དག་ཉིད་ནི་རང་བྱིན་གྱིས་བརླབ༌[^28]པའི་གནས་ཏེ། གཟུགས་ལ་སོགས
100	43	1	STAGE2_MANUAL	འདི་ནི་དགུག་པའི་བདག་ཉིད་མཆོག །ཅེས་བྱ་བ་ནི་ཕུང་པོ་ལྔ་དང་འབྱུང
114	60	1	STAGE2_MANUAL	གནས་པའི་ཞེས་བྱ་བ་ནི་གང་འགོག་པའི་ཏིང་ངེ་འཛིན་ལ་གནས་པའི་བྱང་ཆུ
117	52	1	STAGE2_MANUAL	ཡང་དེ་གསལ་བར་བྱེད་པ༌[^49]གསུངས་པ། རྡོ་རྗེ་གསུམ་པོ་ཞེས་བྱ་བ་ལ
129	49	1	STAGE2_MANUAL	འོད་གསལ་བ་དེའི་དེ་མ་ཐག་པར་ནི་པདྨ་དང་ཟླ་བ་དང་ཡི་གེ་གསུམ་ལ་སོག
131	43	1	STAGE2_MANUAL	འགྲོ་ཉལ་ཟ་བ་ཙམ་གྱི་སྤྱོད་པ་ཞེས་བྱ་བ་ནི་ཟས་ཟ་བ་ཙམ་དང་། ཉལ་བ་ཙ
138	55	1	STAGE2_MANUAL	མིག་ལ་སོགས་པ་ཞེས་བྱ་བ་ནི་ཇི་ལྟ་བུའི་མིག་ལ་སོགས་པའི་རྣམ་པར་ཤེ
145	74	1	STAGE2_MANUAL	རྐན་གྱི་པདྨ་དེ་དག་ཀྱང་ལྡན་པར་བྱའོ་ཞེས་བྱ་བ་ནི་ཡ་རྐན་གྱི་ལྕེའ
153	13	2	citation-split	ཡང་ན་འབྱུང་བ་བཞི་དང་།
ཕྱག་རྒྱ་བཞིའི་བདག་ཉིད་ཀྱིས་སོ། །
157	85	1	STAGE2_MANUAL	སྤྱན་ལ་སོགས་པ་ཞེས་པ་ནི་བཞི་པོ་ལས་གང་འདོད་པ་ཅིག༌[^61]བཀུག་ལ་ར
173	48	1	STAGE2_MANUAL	མཚན་མ་གསུམ་ཞེས་བྱ་བ་ནི་ཉི་མ་དང་ཟླ་བ་དང་པདྨ་རྣམས་གཅིག་ཏུ་གྱུར
175	48	1	STAGE2_MANUAL	དྲན་པ་གཅིག་པའི་ཏིང་ངེ་འཛིན།།ཞེས་བྱ་བ་ནི་རྣམ་པར་སྣང་མཛད་ལ་སོག
180	42	1	STAGE2_MANUAL	དང་པོར་མིག་གི་སྦུབས་ཞེས་བྱ་བ་ནི་མིག་གི་རྡོག་མ་ལ་སོགས་པ་སྟོང་
189	51	1	STAGE2_MANUAL	དང་པོར་རྣམ་པར་སྣང་མཛད་ཀྱི་ཞེས་བྱ་བ་ལ་སོགས་པ་ནི་དང་པོར་རྣམ་པར
191	55	1	STAGE2_MANUAL	དེ་ལྟར་མི་བསྐྱོད་པ་ལ་སོགས་པའི་རྣལ་འབྱོར་པས་ཀྱང་རྡོ་རྗེ་ལ་སོག
195	42	1	STAGE2_MANUAL	ལུས་དང་ངག་དང་ཡིད་ཀྱི༌[^81]ཞེས་བྱ་བ་ནི་སྐུ་ལ་སོགས་པའི་ལྕགས་ཀྱ
218	58	1	STAGE2_MANUAL	སངས་རྒྱས་རྣམས་ཀྱི་ཞེས་བྱ་བ་ནི་མི་བསྐྱོད་པ་ལ་སོགས་པའི་སངས་རྒྱ
230	43	1	STAGE2_MANUAL	རྣམ་པར་སྣང་མཛད་ཡོངས་སུ་གྱུར་པ་ལས་ཞེས་བྱ་བ་ནི་རྣམ་པར་སྣང་མཛད་
238	44	1	STAGE2_MANUAL	དེའི་སྙིང་གར་འདོད་པ་དགོད་དེ། ཟླ་བ་དང་རྡོ་རྗེ་ལ་སོགས་པ་ལ་ལྟོས
242	42	1	STAGE2_MANUAL	ཉི་མའི་དཀྱིལ་འཁོར་གཉིས་ཀྱི་དབུས་སུ་ཚུད་པར་བྱས་ལ་ཞེས་པ་ནི་བསྒ
246	50	1	STAGE2_MANUAL	ལས་གྱི་ཚོགས་ལ་མཁས་པ་རྣམས་ཀྱང་ཞེས་བྱ་བ་ནི་རྒྱུད་གཞན་གྱི་ལས་ཀྱ
258	47	1	STAGE2_MANUAL	རང་བཞིན་གྱིས༌[^103]འོད་གསལ་བར་སྔོན་དུ་འགྲོ་བས་ཞེས་བྱ་བ་ནི་འོ
262	66	1	STAGE2_MANUAL	སྒྲུབ་པོ་གཞན་ལས་ལེན་པ་ཞེས་པ་ལ་སྒྲུབ་པོ་ནི་དགུག་པ་ཤེས་པའི་སློ
275	51	1	STAGE2_MANUAL	དེའི་སྟེང་དུ་ཡི་གེ་ཧཱུཾ་གནས་པར་བསྒོམས་ཏེ། དེ་ཉིད་དཀྱིལ་འཁོར་
277	45	1	STAGE2_MANUAL	ད་ནི་ཕྱག་རྒྱ་གཅིག་དང་ཞེས་བྱ་བ་ནི་རྡོ་རྗེ་སེམས་དཔའ་འབའ་ཞིག་གི
282	44	1	STAGE2_MANUAL	ཡང་དག་པར་བསྐུལ་ལ་ཐབས་ཀྱི་ཡེ་ཤེས་འབྱུང་བར་བྱས་ན་ཞེས་བྱ་བ་ནི་ས
284	47	1	STAGE2_MANUAL	འདི་ལྟ་བུར་བསྒྲུབ་བྱ་དང་པོར་བསམས་ནས་ཞེས་བྱ་བ་ནི་བསྒྲུབ་བྱ་ཐོ
286	62	1	STAGE2_MANUAL	ཡི་གེ་ཧྲིའི་འོད་ཟེར་གྱིས་ཞེས་བྱ་བ་ནི་ཁ་ན་གནས་པའི་ཡི་གེ་ཁཾ་དེ
287	52	1	STAGE2_MANUAL	བསྒྲུབ་པར་བྱ་བས་མཉེས་པར་བྱ་བ་ཞེས་བྱ་བ་ནི་བསྒྲུབ་བྱའི་རང་གི་ཡ
288	44	1	STAGE2_MANUAL	ཡི་གེ་ཧཱུཾ་ཞེས་བྱ་བ་ནི་སྔར་གྱི་སྐུ་རྡོ་རྗེའི་རང་བཞིན་ཡི་གེ་ཨ
291	45	1	STAGE2_MANUAL	ཧྲི་བསྒོམས་ནས་ཞེས་བྱ་བ་ནི་འདབ་མ་རྣམས་ལ་གནས་པའི་ཡི་གེ་ཧྲིའི་འ
296	44	1	STAGE2_MANUAL	འབའ་ཞིག་ཏུ་བྲིས་ཤིང་གཞག་པར༌[^121]བྱའོ་ཞེས་བྱ་བ་ནི་བདག་པོ་ཕྱག
298	45	1	STAGE2_MANUAL	སྔགས་ལ་མཆོག་ཏུ་གཞོལ་བ་སྟེ་དེས་ནི་ཞེས་བྱ་བ་ནི་འཕགས་པ་དེ་ཁོ་ན་
299	87	1	STAGE2_MANUAL	ཡང་དབང་པོ་གཉིས་ཀྱི་སྦྱོར་བ་ཞེས་བྱ་བ་ནི་ཇི་ལྟ་བའི་ཕྱི་རོལ་གྱི
319	48	1	STAGE2_MANUAL	ཆོ་འཕྲུལ་ཞེས་བྱ་བ་ལ་སོགས་པ་ནི་བཅོམ་ལྡན་འདས་ཀྱིས་ཤིང་ཨ་མྲ་ལ་ས
320	45	1	STAGE2_MANUAL	དེ་ལྟ་བུ་ཉིད་ནི་བཅོམ་ལྡན་འདས་ཀྱི་མཛད་པ་སྟེ། དེ་ཉིད་སྐུ་རྡོ་ར
324	74	1	STAGE2_MANUAL	གནོད་སྦྱིན་མོ་ལ་སོགས་པའི་དམ་ཚིག་ནི་ཤ་ལ་སོགས་པ་བཟའ་བ༌[^135]དང
340	62	1	STAGE2_MANUAL	རིམ་པ་འདི་ཉིད་དང་ཞེས་བྱ་བ་ནི་རྡོ་རྗེ་སེམས་དཔའ་ཡོངས་སུ་གྱུར་པ
347	67	1	STAGE2_MANUAL	སློབ་དཔོན་དེ་ཞེས་བྱ་བ་ནི་འདུས་པ་སྟོན་པ་པོ་སྟེ། དེ་བཞིན་གཤེགས
350	70	1	STAGE2_MANUAL	རང་གི་སྙིང་གའི་པདྨ་ལ་ཞེས་བྱ་བ་ནི་ཤིན་ཏུ་སྤྲོས་པ་མེད་པ་ཤེས་པར
360	44	1	STAGE2_MANUAL	འདི་ལྟ་སྟེ་ཞེས་བྱ་བ་ལ་སོགས་པ་ནི་ཡི་གེ་ཨོཾ་ལས་བྱུང་བའི་འཁོར་ལ
368	75	1	STAGE2_MANUAL	འདིའི་དོན་ནི་རྡོ་རྗེ་སེམས་དཔའ་ཆུར་ཞུ་བའི་འོད་ཟེར་གྱིས་སེམས་ཅ
374	165	43	newline-expand	[^1]: བཀླགས་པ་ ༼པེ།༽ ཀླགས་པ་
[^2]: ཅན་གྱི་ ༼པེ།༽ ཅན་གྱིས་
[^
377	65	17	newline-expand	༼སྣར། པེ།༽ བཤད་དེ་
[^52]: ཆོས་ཅན་ ༼སྣར། པེ།༽ ཆོས་
[^53]: པའོ
378	159	43	newline-expand	༼པེ།༽ རང་བཞིན་
[^68]: མཛེས་ཀྱི་ ༼སྣར། པེ།༽ མཛེས་
[^69]: གི་ཞ
379	214	56	newline-expand	༼སྣར། པེ།༽ རྣམས་གཏོན་ཏེ་
[^110]: བརླབས་པའི་ ༼སྣར། པེ།༽ བསླབས
